
INSERT INTO airline (id, airline_name, airport_id) VALUES (1,'Delta',2),(2,'Frontier',1),(3,'United',5),(4,'Southwest',1),(5,'Spirit',3),(6,'Air Canada',2),(7,'American Airlines',3),(8,'ANA',2),(9,'Asiana Airlines',3),(10,'British Airways',1),(11,'AirTran',3),(12,'Hawaiian Airlines',5),(13,'JetBlue',4),(14,'Horizon Air',1),(15,'Alaska Airlines',2),(16,'Hong Kong Airlines',3);
INSERT INTO airport (id, name, location) VALUES (1,'IAD','Washington DC'),(2,'LAX','Los Angeles'),(3,'ATL','Atlanta'),(4,'JFK','New York'),(5,'ORD','Chicago');
INSERT INTO customer (c_id, f_name, l_name, c_city, flight_no) VALUES (1,'Mandie','Innwood','Louisiana',9328),(2,'Oby','Flowitt','Massachusetts',5573),(3,'Talyah','Brennans','Florida',3915),(4,'Nariko','Delafont','South Carolina',8570),(5,'Retha','Hallibone','Texas',1284),(6,'Leodora','Domney','District of Columbia',9546),(7,'Ellene','Gopsell','Texas',8875),(8,'Loralie','Maskelyne','District of Columbia',7610),(9,'Barbra','Chadney','Mississippi',2040),(10,'Isadora','Knevet','Texas',5256),(11,'Malina','Beer','Minnesota',2362),(12,'Avram','Angeau','Texas',3672),(13,'May','Chinnock','Idaho',1429),(14,'Mirabelle','Westell','Pennsylvania',3335),(15,'Christian','Mosley','Kentucky',3808),(16,'Alfy','Vasyunkin','Texas',2499),(17,'Odelia','Bushrod','Florida',3291),(18,'Patty','Maleby','North Carolina',6723),(19,'Susannah','Bainton','Ohio',6507),(20,'Junia','Jinda','Minnesota',5110),(21,'Munmro','Skea','Massachusetts',9827),(22,'Albrecht','Faltin','Florida',6741),(23,'Winifield','Gladwish','Colorado',3118),(24,'Rosamund','Childes','New York',2452),(25,'Erica','Mollitt','Massachusetts',6755),(26,'Claudina','St Quenin','Iowa',6006),(27,'Patsy','Kettlestring','District of Columbia',4202),(28,'Timmy','Vandenhoff','California',8615),(29,'Felecia','Tilby','Texas',9774),(30,'Josee','Hanks','Missouri',7240),(31,'Benedetto','Birchenough','Georgia',9315),(32,'Kerry','Banting','Virginia',5437),(33,'Vail','Issakov','District of Columbia',3720),(34,'Lorenza','Giovannacc@i','Minnesota',2879),(35,'Arne','Elvins','Georgia',3613),(36,'Audrie','Edler','Texas',1106),(37,'Konstantine','Harsant','Colorado',6123),(38,'Marcel','Cakes','Georgia',8509),(39,'Lon','Leades','Texas',5384),(40,'Dari','Pitsall','Maryland',6839),(41,'Annamaria','Sharper','California',9200),(42,'Ferguson','Mushet','California',2928),(43,'Bartel','Jervoise','Wisconsin',7432),(44,'Agna','Stanislaw','Virginia',3714),(45,'Roze','Cerie','Texas',2821),(46,'Brittney','Clere','California',4078),(47,'Catarina','De Carolis','Arizona',8397),(48,'Boote','Broomhall','California',1335),(49,'Gustave','Hillborne','Texas',7418),(50,'Arleen','Willatt','North Carolina',1677),(51,'Carney','Gregorace','Florida',8668),(52,'Marybelle','Poleykett','Missouri',3446),(53,'Kitti','Titta','Arizona',3677),(54,'Stearne','Felipe','Florida',8638),(55,'Howey','Perot','Michigan',5427),(56,'Hinda','Acuna','New Jersey',6553),(57,'Nana','Raggatt','Florida',8297),(58,'Peder','Ogley','Georgia',1344),(59,'Cristin','Consadine','New York',7481),(60,'Thom','Furness','Kentucky',3586),(61,'Slade','Ivchenko','Connecticut',2736),(62,'Lance','Littrik','Texas',6887),(63,'Stefanie','Huglin','Oklahoma',5806),(64,'Andriana','Buick','Kansas',8979),(65,'Leda','McClaren','Missouri',2634),(66,'Luciana','Cappineer','North Dakota',4860),(67,'Travers','Clackson','Missouri',9596),(68,'Delly','Lammertz','Alabama',2196),(69,'Caryl','Lyste','Georgia',8320),(70,'Heda','Killingbeck','Pennsylvania',4500),(71,'Lee','Brunskill','California',3174),(72,'Waylin','Blease','Illinois',4917),(73,'Isaac','Brodley','Georgia',4382),(74,'Jacquette','Swaffield','Florida',9274),(75,'Arvy','Marlowe','Texas',4999),(76,'Jeremie','McDonand','West Virginia',5169),(77,'Bonni','Goodings','Minnesota',3878),(78,'Nelle','O\'Scanlan','Florida',3973),(79,'Elonore','Ansley','Virginia',7069),(80,'Niki','Pevie','Utah',7329),(81,'Carlyn','Rosso','Texas',7191),(82,'Jacqueline','Isoldi','Maryland',8969),(83,'Aloysia','Bolderstone','California',9314),(84,'Simona','Whistan','District of Columbia',9861),(85,'Joan','Seywood','Texas',6877),(86,'Arabele','Gianilli','Alabama',7641),(87,'Iosep','Brabender','New York',7157),(88,'Lilah','Kilcullen','Colorado',1467),(89,'Jarid','Didball','South Dakota',6643),(90,'Eddy','Dewan','Idaho',8601),(91,'Warde','Safell','Texas',2262),(92,'Haleigh','Cassam','New York',9207),(93,'Emilie','Bottom','Mississippi',9698),(94,'Ken','Seebright','Illinois',4025),(95,'Jakie','Sudworth','Texas',7878),(96,'Elaina','Moodey','New York',5401),(97,'Wendall','Landers','Florida',5200),(98,'Mufinella','Patise','North Carolina',2505),(99,'Tybalt','de Mullett','District of Columbia',4396),(100,'Christoforo','Barling','Georgia',2357),(101,'Melitta','Cron','Alabama',7177),(102,'Marne','Curr','Texas',9216),(103,'Arleyne','Durbann','Nevada',8850),(104,'Lisa','Corbin','Georgia',2803),(105,'Titos','Mityushin','California',2758),(106,'Tulley','Fortnam','Ohio',7993),(107,'Abdul','Kiggel','Texas',2564),(108,'Lilli','Fearnside','Texas',9209),(109,'Brnaba','Stockill','Texas',1179),(110,'Estell','Ganiford','Colorado',5164),(111,'Bill','Bigley','Ohio',2766),(112,'Sadie','Curnok','Minnesota',6288),(113,'Gwenore','Zanolli','Virginia',9247),(114,'Wittie','Zarfati','California',1999),(115,'Way','Geddis','Louisiana',7625),(116,'Vikki','Abrams','Texas',9444),(117,'Auguste','Oglevie','Minnesota',5959),(118,'Mureil','Ebbett','Texas',8800),(119,'Mahmoud','Polamontayne','New Jersey',3262),(120,'Dulcea','Jacombs','Florida',8032),(121,'Biddie','Foat','Alaska',7030),(122,'Marc','Hansod','District of Columbia',5420),(123,'Lucille','Heers','Illinois',2498),(124,'Olin','Vaen','Utah',1550),(125,'Johnette','Blas','Oklahoma',1433),(126,'Hendrik','Eccott','Texas',2215),(127,'Noelani','Stocker','District of Columbia',8574),(128,'Karlens','Garie','Connecticut',1709),(129,'Jennette','Carbery','Florida',5484),(130,'Kenneth','Satterfitt','Connecticut',1517),(131,'Emerson','Phil','Michigan',5891),(132,'Pierette','Scrivenor','New York',2938),(133,'Otha','Lory','New York',7983),(134,'Richy','Gleadhell','Colorado',6826),(135,'Nicholle','Thunder','Illinois',4800),(136,'Ashlee','MacConnulty','Pennsylvania',8461),(137,'Rosalia','Dingivan','Florida',1551),(138,'Jacklin','Denziloe','Oklahoma',7909),(139,'Thain','Berriball','Georgia',5771),(140,'Maudie','Carlton','California',9602),(141,'Corbett','Dermot','Ohio',5086),(142,'Sawyer','Vennart','Florida',7438),(143,'Petey','Sidebotham','Nebraska',4065),(144,'Jo','Langelaan','Texas',5225),(145,'Sheridan','Gillson','Texas',5036),(146,'Brianna','Amies','Alaska',8024),(147,'Nikki','Rance','Georgia',5660),(148,'Denni','Juliano','Florida',3526),(149,'Damara','Mattisson','Texas',7045),(150,'Catha','Laxson','Washington',1697),(151,'Lenard','Oyley','Ohio',3671),(152,'Mame','Symon','California',2612),(153,'Gwennie','Balle','California',9547),(154,'Evelin','Guiness','California',1503),(155,'Kimble','Redwood','Michigan',9691),(156,'Elberta','Petow','Texas',5412),(157,'Tiffany','Macari','New Jersey',7262),(158,'Glynis','Clappson','Texas',6116),(159,'Ebba','Roseburgh','District of Columbia',3068),(160,'Tybalt','Craydon','Texas',7844),(161,'Devon','Heape','District of Columbia',1466),(162,'Catie','Filshin','Maryland',8095),(163,'Gun','Plowman','South Dakota',5795),(164,'Brana','De la Zenne','Ohio',2862),(165,'Aili','Rugieri','Utah',3022),(166,'Franz','Vautre','California',2115),(167,'Ralf','Guidera','Ohio',5466),(168,'Kathryn','Cosgrave','California',9060),(169,'Pierson','D\'Costa','Texas',5535),(170,'Thorndike','Bitchener','Florida',7064),(171,'Osbert','Hopfer','Illinois',5300),(172,'Lynea','Raison','Missouri',7550),(173,'Gustaf','Happs','Georgia',4222),(174,'Annabela','Ledgerton','Wyoming',1552),(175,'Janna','Domek','Pennsylvania',9239),(176,'Lia','Polgreen','District of Columbia',2123),(177,'Judye','Lingfoot','New Mexico',1739),(178,'Elliot','Keoghan','Massachusetts',6914),(179,'Meyer','Whitland','Oklahoma',4703),(180,'Avigdor','Waterland','Florida',4660),(181,'Emilie','Wipper','Washington',4364),(182,'Kiele','O\'Moylan','West Virginia',8444),(183,'Kellen','Kennedy','California',6666),(184,'Brock','Algore','District of Columbia',2084),(185,'Olwen','Fawdrey','Missouri',9221),(186,'Kort','Aucourte','Florida',4915),(187,'Barby','Rochell','Missouri',4364),(188,'Aggi','Simmers','Florida',2109),(189,'Amii','Banane','Louisiana',5888),(190,'Merl','Grcic','Montana',8275),(191,'Suzanna','Brehaut','Arizona',6433),(192,'Ingra','Hellwich','South Carolina',6145),(193,'Kerk','Thames','New Jersey',7706),(194,'Bowie','Mardle','Kentucky',1068),(195,'Kit','Adamoli','Michigan',6328),(196,'Todd','Such','Florida',1028),(197,'Amalea','Le Monnier','Pennsylvania',7038),(198,'Eleonora','Puddefoot','Oklahoma',4113),(199,'Hoyt','Battyll','Tennessee',9597),(200,'Joceline','Castiglioni','Virginia',3754),(201,'Ardene','Kilduff','District of Columbia',4191),(202,'Shelby','Ingman','New Jersey',7374),(203,'Ginger','Alexsandrev','Florida',9817),(204,'Rosemarie','Cinelli','Connecticut',6869),(205,'Prue','Battey','Wisconsin',5152),(206,'Royall','Dearth','California',9758),(207,'Melina','Syalvester','Texas',7145),(208,'Christoforo','Farnorth','Indiana',6227),(209,'Nataniel','Paulmann','California',1692),(210,'Brunhilda','Pouck','Tennessee',9159),(211,'Brinn','Duthy','Missouri',3970),(212,'Ottilie','Ekless','Maryland',1137),(213,'Bonnee','Toleman','Texas',7811),(214,'Janith','Crossgrove','Georgia',9120),(215,'Oneida','Simes','District of Columbia',8251),(216,'Levon','Younglove','Virginia',9277),(217,'Sophronia','Sharples','California',2672),(218,'Kelly','Fathers','West Virginia',9754),(219,'Hercules','Ingilson','Florida',3831),(220,'Loella','Shaw','Connecticut',4594),(221,'Anya','Rickhuss','Virginia',6242),(222,'Lacy','Dimmer','Texas',2486),(223,'Hadley','Standon','California',2708),(224,'Willyt','Collie','California',3771),(225,'Emilio','Letterese','Georgia',8324),(226,'Lee','Teague','Pennsylvania',5803),(227,'Lory','Basilio','Pennsylvania',7059),(228,'Valentia','Duffy','Florida',9647),(229,'Denny','Cornner','Florida',7779),(230,'Den','Kirsche','Connecticut',2091),(231,'Ibby','Hatcliffe','Pennsylvania',7949),(232,'Cesaro','Tregensoe','Florida',6354),(233,'Ulrikaumeko','Ciementini','Kentucky',9515),(234,'Shepherd','Fulep','Wisconsin',3208),(235,'Torie','Rewcastle','Kansas',4072),(236,'Virgil','Garvan','Florida',3194),(237,'Ulrica','Poppleston','New Mexico',6153),(238,'Marys','Haselden','Oregon',2792),(239,'Ciro','Jakubovits','Florida',8725),(240,'Quintina','Dionisetto','West Virginia',5853),(241,'Kimmy','Olerenshaw','North Carolina',5391),(242,'Cordell','Clothier','South Carolina',2642),(243,'Rana','Martinolli','New York',6248),(244,'Frederigo','Massingham','California',8159),(245,'Lucita','Swiffin','Florida',5827),(246,'Elvin','Vicar','Kansas',2104),(247,'Heinrik','Parfrey','Texas',2770),(248,'Peyton','Moralas','Texas',9390),(249,'Denver','Tout','New York',9500),(250,'Bethanne','Bowton','Oregon',1928),(251,'Irita','Komorowski','Virginia',2246),(252,'Brenden','Broomhall','West Virginia',1745),(253,'Renaldo','Giroldi','California',5014),(254,'Isahella','Benettini','Florida',2027),(255,'Dael','Burne','Utah',7116),(256,'Ginnie','Click','Virginia',4497),(257,'Ardeen','Tongue','Tennessee',4435),(258,'Dyanna','McSharry','California',1038),(259,'Gris','McCoughan','Georgia',3185),(260,'Tracy','Burnip','Wisconsin',8770),(261,'Saxon','Diche','Tennessee',9040),(262,'Joelie','Withrop','Kansas',2298),(263,'Dalston','Dark','Georgia',6710),(264,'Noel','Suter','Maryland',5670),(265,'Sebastiano','Cousens','New York',4069),(266,'Linn','Perchard','Connecticut',3029),(267,'Elbert','Knivett','California',6894),(268,'Arlinda','MacLese','Oregon',4134),(269,'Sharline','Boulds','New York',7724),(270,'Shaina','Blackway','Florida',6793),(271,'Lek','Nasi','Ohio',1692),(272,'Christoph','Surgood','Texas',6782),(273,'Homerus','Hayward','Florida',7827),(274,'Dede','Tupling','Texas',1383),(275,'Fletch','Kendrick','Minnesota',8321),(276,'Winna','Ferens','North Carolina',7893),(277,'Parnell','Bresson','North Carolina',8964),(278,'Maridel','Crohan','Florida',5736),(279,'Fletcher','Moreinu','Florida',2470),(280,'Jeannie','Duff','California',6376),(281,'Herman','Addams','Georgia',5727),(282,'Francene','Benterman','Virginia',9951),(283,'Evy','Lynes','Texas',8577),(284,'Hogan','Schwant','California',4732),(285,'Marney','Murley','Illinois',9515),(286,'Yelena','Adelman','New York',6681),(287,'Gilda','Pratt','New York',1467),(288,'Benedict','Destouche','Utah',3115),(289,'Tymothy','Nijssen','Louisiana',6392),(290,'Shell','Heasley','West Virginia',1917),(291,'Aggi','Comley','Texas',5175),(292,'Griselda','Reynolds','Florida',4052),(293,'Knox','Elloy','Nevada',7811),(294,'Lodovico','Bowring','Pennsylvania',6535),(295,'Cassandre','Dimic','Wisconsin',3049),(296,'Ariela','Zaniolini','Illinois',3780),(297,'Georgeta','Founds','New York',5337),(298,'Griswold','Colliber','California',7579),(299,'Meggy','Coverlyn','Minnesota',9616),(300,'Vanda','Cracknell','New York',8730),(301,'Lelah','Gude','Texas',2670),(302,'Sloan','Barton','Pennsylvania',3667),(303,'Lesley','Bovaird','Massachusetts',9995),(304,'Otto','Feares','California',9158),(305,'Tiffani','Caile','Washington',4432),(306,'Arlan','Culligan','Michigan',5182),(307,'Eadmund','Jordin','Michigan',6939),(308,'Bayard','Draisey','California',4646),(309,'Colby','Marcq','Georgia',8248),(310,'Gasper','Cowpertwait','Nevada',1623),(311,'Sol','Dyka','New York',9164),(312,'Moll','Lackmann','Arizona',1288),(313,'Lanita','Carlton','New York',5818),(314,'Ilene','Dufer','Ohio',5787),(315,'Kristos','Charlick','Texas',8391),(316,'Lenard','Forrester','Nebraska',6070),(317,'Ciro','Tours','West Virginia',1116),(318,'Sandra','De Cruce','New York',6953),(319,'Iolande','Codling','North Carolina',5690),(320,'Abe','MacLardie','New York',6070),(321,'Nicoline','Moreinu','California',9569),(322,'Gran','Deinhard','Utah',4659),(323,'Briano','Robben','Texas',1097),(324,'Philly','Naul','Indiana',8756),(325,'Barbette','Farress','Virginia',9036),(326,'Ardith','Pree','California',9242),(327,'Dame','Terrelly','California',7559),(328,'Maritsa','Pettyfer','Kansas',8823),(329,'Dian','Butfield','California',4375),(330,'Evey','Iacovazzi','Texas',1138),(331,'Giffard','Galletley','Texas',9621),(332,'Sandy','Allwright','Florida',7854),(333,'Danni','Peinton','Virginia',4293),(334,'Hedi','Perdue','Tennessee',9812),(335,'Kirsteni','Pointer','New York',4234),(336,'Alexio','Raatz','California',4724),(337,'Bili','Bugdell','Louisiana',8322),(338,'Ruggiero','Lockery','Florida',8477),(339,'Humfrid','Russan','Virginia',8251),(340,'Joete','Blaxley','Tennessee',5292),(341,'Loni','Westcot','Ohio',8255),(342,'Lurette','Novis','Michigan',3903),(343,'Dene','Facey','Florida',8072),(344,'Kip','Silversmidt','California',4546),(345,'Helenka','Bushrod','Georgia',9785),(346,'Rickert','Itzakson','Florida',7105),(347,'Doria','Plastow','New York',5266),(348,'Lorene','Irdale','Kentucky',9626),(349,'Simone','Orchard','Idaho',1688),(350,'Deonne','Schruur','California',2101),(351,'Oswell','Dunnico','Ohio',1506),(352,'Bibbye','Waight','District of Columbia',9529),(353,'Sayer','Attwooll','California',2269),(354,'Devina','Ney','Georgia',1071),(355,'Rolph','Ham','Georgia',6347),(356,'Terri','Theobald','California',6108),(357,'Marris','Cassels','Texas',7953),(358,'Tudor','Castanaga','Georgia',5694),(359,'Dewie','Bilbee','Texas',4807),(360,'Georgena','Bramich','Texas',6563),(361,'Jessalyn','Daveren','Tennessee',8436),(362,'Ottilie','Shipway','Georgia',8111),(363,'Tab','Awdry','California',5523),(364,'Joyann','Oliphand','Georgia',5926),(365,'Alfie','Yitzovicz','New York',9318),(366,'Kirbee','Cathcart','Vermont',5707),(367,'Fay','Darco','Hawaii',9242),(368,'Alphonso','Beefon','Minnesota',1282),(369,'Leeanne','Shilladay','Kansas',2683),(370,'Merna','Spadollini','Louisiana',8986),(371,'Goraud','Thalmann','West Virginia',5552),(372,'Hillery','Bernadzki','Washington',5616),(373,'Moise','Croizier','Missouri',5650),(374,'Berte','Habron','Georgia',2147),(375,'Stormie','Kuhnke','Florida',5250),(376,'Catharine','Lannin','Texas',5864),(377,'Esmeralda','Belchamber','Florida',6143),(378,'Chelsy','Skate','Oklahoma',2679),(379,'Isabelita','Rowler','Arizona',3710),(380,'Junette','Phair','New York',9781),(381,'Layla','Blodgett','Texas',3624),(382,'Katey','Lamberth','Alabama',8345),(383,'Enoch','Ragborne','Texas',6756),(384,'Sonni','Goulding','Texas',2698),(385,'Filberto','Sand','Montana',2293),(386,'Rora','Carmichael','Oregon',1519),(387,'Tamra','Plitz','Louisiana',4767),(388,'Levy','Bracer','Pennsylvania',9641),(389,'Scotti','Crabbe','Texas',8299),(390,'Heida','Coupar','Kentucky',5125),(391,'Daisey','Sickling','South Dakota',7551),(392,'Maris','Kubik','District of Columbia',4122),(393,'Randie','Sictornes','California',1129),(394,'Patrice','Tetford','Ohio',5913),(395,'Mirabel','Grove','Texas',7686),(396,'Dwight','Jesper','Pennsylvania',5524),(397,'Brietta','Castelletti','Arizona',2780),(398,'Loella','Westbury','Oregon',3883),(399,'Edi','Tattersall','Ohio',5181),(400,'Edik','Dohr','Iowa',7296),(401,'Zarah','McGilleghole','Wisconsin',3108),(402,'Mark','Plumley','New Jersey',1924),(403,'Taddeo','Lindbergh','South Carolina',1724),(404,'Giraud','Torrecilla','Arizona',1362),(405,'Stevana','Peabody','Pennsylvania',7049),(406,'Rasla','Mauger','Texas',1381),(407,'Lucita','Berka','California',7202),(408,'Homerus','Hallex','Texas',8729),(409,'Terrel','Whale','Utah',8441),(410,'Keven','Kirton','Florida',4813),(411,'Syd','Landall','Texas',6870),(412,'Amabelle','Berkelay','New York',1057),(413,'Antonina','Sharples','Florida',7300),(414,'Jolyn','Gemmell','Missouri',6198),(415,'Bendicty','Vreiberg','California',9900),(416,'Franklin','Cartlidge','Kansas',2648),(417,'Tamas','Wherry','Arkansas',3266),(418,'Paul','Prattin','Texas',4469),(419,'Roseann','Bogies','Iowa',3789),(420,'Morena','Oxtiby','Maryland',8470),(421,'Brandyn','Seven','California',9160),(422,'Isak','Staite','Arizona',6119),(423,'Gwenora','Chasemoore','California',3258),(424,'Heath','Rowe','California',8643),(425,'Verine','Gingle','Texas',5086),(426,'Fidole','Mundall','District of Columbia',9495),(427,'Martin','Heavens','Texas',3954),(428,'Kriste','Bagger','Missouri',1627),(429,'Shelba','Brownlee','Missouri',3493),(430,'Allsun','Mushawe','Massachusetts',2969),(431,'Pierette','Giscken','Connecticut',1180),(432,'Fara','Moyes','Wisconsin',9061),(433,'Laure','Winckle','Ohio',4758),(434,'Townie','Swansbury','New Mexico',1872),(435,'Novelia','Skyner','Florida',3663),(436,'Amandie','Sollam','Indiana',3991),(437,'Lou','Sidebottom','California',2222),(438,'Leroy','Fancett','Kentucky',3752),(439,'Addy','Jessop','California',2793),(440,'Cyndi','Cunnane','District of Columbia',7227),(441,'Dorthea','Chasteau','New York',3928),(442,'Wallis','Metrick','Pennsylvania',1022),(443,'Wallas','Van de Castele','Florida',2790),(444,'Florina','Borne','Texas',9141),(445,'Issy','Rieme','Kentucky',8765),(446,'Matthus','Arnatt','Tennessee',9511),(447,'Salomone','Povey','California',8756),(448,'Ayn','O\'Lunney','Colorado',4915),(449,'Dorothy','Ladson','Georgia',5091),(450,'Rayna','Surmeyer','Kentucky',1767),(451,'Delmore','Forge','Oklahoma',8048),(452,'Tabbie','Jann','Michigan',2325),(453,'Kaila','Provost','Indiana',9317),(454,'Janela','Addy','District of Columbia',7553),(455,'Chad','Gladyer','District of Columbia',8648),(456,'Sarette','Longstreeth','Idaho',5818),(457,'Rockwell','Smalcombe','Texas',9836),(458,'North','Fisbey','Louisiana',1301),(459,'Abie','Turfin','Colorado',8344),(460,'Abran','Kiossel','Virginia',3028),(461,'Stephi','Dufore','South Dakota',8295),(462,'Breanne','Starkie','Florida',1354),(463,'Meris','Malham','Louisiana',1882),(464,'Margarita','Kleinstern','Indiana',7274),(465,'Trish','Lawrenceson','Indiana',5267),(466,'Lauralee','Archard','District of Columbia',4201),(467,'Gloriana','Cannon','South Carolina',5358),(468,'Jinny','Findon','California',1659),(469,'Ashlin','Wintersgill','California',7249),(470,'Tony','Carlesi','Ohio',4795),(471,'Ronnie','Finden','Utah',9923),(472,'Fairfax','Sherwyn','Oregon',4893),(473,'Paulette','Bissatt','Massachusetts',3280),(474,'Bonnee','Bourhill','Florida',4981),(475,'Parnell','Chapier','New York',1947),(476,'Calley','Seppey','Indiana',7649),(477,'Shayne','Jewson','Texas',9427),(478,'Kain','Scinelli','Indiana',5008),(479,'Averell','McFarlane','Illinois',9492),(480,'Pet','Gallienne','Minnesota',5834),(481,'Valry','Dankersley','Florida',5152),(482,'Claudelle','Vuitton','Ohio',8606),(483,'Linnet','Dursley','North Carolina',1931),(484,'Seline','Stabler','California',5507),(485,'Idalina','Balcon','Florida',1953),(486,'Blakeley','Maskelyne','Wisconsin',3744),(487,'Rosalinda','Leaf','Florida',1743),(488,'Layton','Lober','Massachusetts',7872),(489,'Emilia','Addenbrooke','California',2582),(490,'Clarey','Fairtlough','New York',8581),(491,'Lizette','Guihen','Virginia',6578),(492,'Karlee','MacMeekan','Texas',4180),(493,'Pierson','Dunthorn','Wisconsin',1114),(494,'Nealon','Douche','Virginia',8580),(495,'Filippa','Sneezum','Pennsylvania',4821),(496,'Cornelia','Stonner','Oregon',9465),(497,'Kurt','Edeler','Texas',8443),(498,'Bartolomeo','Tolussi','Wisconsin',1359),(499,'Ariadne','Easthope','California',7627),(500,'Harper','Sarre','Montana',5343),(501,'Kali','Downe','Utah',1452),(502,'August','Roseblade','Florida',8858),(503,'Thadeus','Lagne','Florida',9104),(504,'Florance','Claiton','Tennessee',2078),(505,'Andeee','Whooley','California',9105),(506,'Sara','Kaplan','Nevada',6992),(507,'Steve','Kennsley','Connecticut',2364),(508,'Angeline','Pillman','Alabama',8082),(509,'Kristen','Attiwill','New York',9525),(510,'Antone','Vallens','Pennsylvania',1523),(511,'Neall','Raft','Florida',7942),(512,'Devinne','MacNeice','Iowa',9467),(513,'Myranda','Reston','California',5542),(514,'Boyce','Hercules','Louisiana',5273),(515,'Dasya','Barnardo','Missouri',9727),(516,'Dierdre','Scruton','Virginia',4778),(517,'Alric','Elsworth','Maryland',1547),(518,'Hewie','Bonner','Texas',8798),(519,'Wallis','Dabbs','Florida',7983),(520,'Caryn','Allwell','Delaware',5095),(521,'Aurelia','Varley','Connecticut',7729),(522,'Chickie','Rathbone','Florida',3898),(523,'Urbano','Munby','Florida',6197),(524,'Salvidor','Paradin','Texas',2215),(525,'Lauralee','Gather','Oklahoma',7582),(526,'Barris','Bairstow','California',8438),(527,'Korney','Bucklee','New Jersey',2632),(528,'Nehemiah','Shelbourne','Wisconsin',6567),(529,'Tanney','Calveley','Tennessee',5928),(530,'Benedetta','Malimoe','Missouri',1950),(531,'Hildegaard','Condict','Oklahoma',8564),(532,'Krispin','Brewerton','Arizona',7991),(533,'Xenos','Fernan','Nevada',2255),(534,'Ruby','Eckersley','Ohio',7767),(535,'Bobbe','Pesselt','New York',5889),(536,'Eveline','Archbald','Ohio',6523),(537,'Anica','Bruneton','Connecticut',3330),(538,'Matthias','Kupper','Pennsylvania',3907),(539,'Fianna','Treeby','Kansas',1171),(540,'Deloris','Grzes','Delaware',8407),(541,'Randy','Bachura','Pennsylvania',7830),(542,'Dierdre','Bleyman','Arizona',6845),(543,'Cassondra','Keighly','Washington',6029),(544,'Terrie','Pala','Texas',1056),(545,'Xaviera','Vella','South Carolina',2838),(546,'Bekki','Denness','New York',9070),(547,'Lisette','Charlesworth','Ohio',4944),(548,'Gillan','Gaywood','Arkansas',3318),(549,'Creigh','Gemmill','Texas',9727),(550,'Estell','Pollastrone','Ohio',4425),(551,'Ash','Sainsberry','California',4108),(552,'Ewen','Pexton','Ohio',6559),(553,'Job','Shawcroft','California',8012),(554,'Renae','Poll','District of Columbia',7925),(555,'Stormi','Trawin','District of Columbia',7806),(556,'Sanson','Rolley','West Virginia',6430),(557,'Thorny','Robrow','Indiana',7802),(558,'Mahalia','Carlton','Kentucky',6493),(559,'Sandro','Maryin','Kansas',7510),(560,'Irv','Tolson','Alabama',4369),(561,'Abramo','Snar','California',6993),(562,'Yolande','Gilstin','Alabama',5938),(563,'Berne','Odger','Virginia',4802),(564,'Karalynn','Causbey','New York',1957),(565,'Arnie','Meryett','South Carolina',3294),(566,'Vinni','Kiloh','Nebraska',4568),(567,'Dyanne','Rishman','Illinois',2468),(568,'Padraic','Lepper','Arkansas',2585),(569,'Madelaine','Dray','Wisconsin',5007),(570,'Sheena','Capaldi','Georgia',4976),(571,'Whittaker','Keast','Florida',6016),(572,'Penelopa','Mellem','Oregon',1517),(573,'Cherrita','Chrisp','Texas',9411),(574,'Dirk','Borg','New York',7648),(575,'Yolanda','Fowlestone','Indiana',5160),(576,'Florence','Lowing','Idaho',1967),(577,'Gerty','Hansell','North Carolina',6494),(578,'Halley','Cometson','District of Columbia',9113),(579,'Keane','Popov','Oklahoma',7871),(580,'Janifer','Jobke','Louisiana',9867),(581,'Josey','Coughan','California',4312),(582,'Merrili','Debling','Tennessee',4513),(583,'Padraic','McAnellye','Texas',1094),(584,'Debora','Terzza','Pennsylvania',2221),(585,'Agatha','Barnhart','California',9076),(586,'Ilyse','Paff','Oklahoma',4519),(587,'Melisent','Syder','Florida',1837),(588,'Orella','Brownstein','Virginia',4513),(589,'Selie','Haste','West Virginia',9507),(590,'Yelena','Bondar','Utah',2208),(591,'Hermia','Bowsher','New Jersey',7467),(592,'Keefe','McClune','Kansas',6969),(593,'Ardyth','Bisiker','Arizona',1688),(594,'Rockwell','Laudham','Georgia',4920),(595,'Avigdor','Tuxill','Delaware',1972),(596,'Renee','Kenright','Florida',9272),(597,'Elysha','Merrigan','Maryland',1412),(598,'Blondelle','Siggs','Nevada',5766),(599,'Cassandry','Greenstock','Pennsylvania',2758),(600,'Evangelina','Piel','Colorado',9982),(601,'Darda','Riding','District of Columbia',7386),(602,'Reuven','Truswell','Arkansas',9285),(603,'Gloriana','Hartford','Florida',2088),(604,'Averil','Holsey','Pennsylvania',6338),(605,'Erminia','Charters','Texas',1754),(606,'Elenore','Daglish','New York',5227),(607,'Josey','O\'Hoolahan','Minnesota',4900),(608,'Shane','Simo','Alabama',5175),(609,'Eduino','Patullo','California',6847),(610,'Muffin','Myhill','Ohio',7282),(611,'Bettina','Collop','Iowa',9593),(612,'Deane','Myhan','New Mexico',5303),(613,'Esme','Guppy','Florida',4036),(614,'Sharona','Curado','California',5532),(615,'Storm','Baynon','California',6842),(616,'Alvira','Hawlgarth','Ohio',3549),(617,'Marlyn','Warburton','New York',9271),(618,'Mohandas','Quarry','District of Columbia',6364),(619,'Arabele','Grigg','Ohio',6951),(620,'Max','Swinbourne','Texas',2836),(621,'Stanislaus','Pires','South Carolina',6363),(622,'Farlee','Creeber','Kentucky',4503),(623,'L;urette','Olivi','Nevada',8991),(624,'Britte','Kloska','California',9153),(625,'Simone','Joannidi','Minnesota',3033),(626,'Alden','Elsmore','Louisiana',6756),(627,'Jamie','Whickman','California',1754),(628,'Raquela','Aveling','Kansas',7490),(629,'Ker','Elloy','Connecticut',2147),(630,'Rock','Burgiss','Texas',3652),(631,'Mitchell','Janjic','Michigan',7722),(632,'Olympe','Stennes','Tennessee',3115),(633,'Elwin','Froment','California',8668),(634,'Seana','Yanyushkin','Florida',7971),(635,'Renelle','Tomczynski','Texas',4517),(636,'Mei','Le Guin','Missouri',1618),(637,'Jens','Hold','Wisconsin',9192),(638,'Ruy','Chettle','Virginia',3233),(639,'Evered','Ambrozewicz','Oklahoma',4502),(640,'Francis','Manlow','Texas',4251),(641,'Geordie','Bellon','Utah',4231),(642,'Emmy','Korneichuk','Washington',4020),(643,'Elwyn','Durand','Colorado',1173),(644,'Agustin','Duchatel','California',2117),(645,'Brig','Ioannou','Indiana',1444),(646,'Sosanna','Hanshaw','Nevada',5523),(647,'Vincents','Illyes','Florida',4568),(648,'Alano','Slaght','Alabama',7355),(649,'Suzette','Leneham','Florida',1003),(650,'Waly','Raysdale','Texas',4281),(651,'Ilario','Probin','New York',3284),(652,'Stearne','Spirritt','Wisconsin',3910),(653,'Alikee','Lis','Washington',9000),(654,'Marjorie','Saphir','Texas',7893),(655,'Frannie','Kimberley','Colorado',1445),(656,'Brandtr','Waddams','California',3254),(657,'Giustino','Nunns','Ohio',5218),(658,'Victoria','Paddon','Indiana',4567),(659,'Janelle','Arbon','Texas',6758),(660,'Octavius','Gallelli','District of Columbia',4368),(661,'Robinson','Kinnear','Florida',4373),(662,'Marlo','Spittle','California',2470),(663,'Ag','Corter','California',4080),(664,'Catina','Elliss','Oregon',5278),(665,'Gregor','Bram','California',8541),(666,'Leonid','Pierton','Montana',1457),(667,'Burch','Winwood','New York',8372),(668,'Melonie','Else','North Carolina',1969),(669,'Nathanial','Carlan','Nevada',6803),(670,'Wenda','Wofenden','Florida',9841),(671,'Beauregard','Allworthy','New York',6874),(672,'Caressa','Leftbridge','District of Columbia',9936),(673,'Ranique','Hannond','Texas',2881),(674,'Killian','Losel','Texas',9872),(675,'Alexandr','Claus','Texas',6876),(676,'Lisbeth','Kerin','Florida',7365),(677,'Merle','Mowsdill','California',7483),(678,'Daniele','Dodswell','District of Columbia',1153),(679,'Kerianne','Lambarton','District of Columbia',3688),(680,'Papageno','Mohamed','Pennsylvania',9205),(681,'Caryn','Lyard','Texas',9055),(682,'Jacquie','Vanyashkin','Missouri',6788),(683,'Rosita','Mcall','Colorado',5218),(684,'Sigrid','Behan','Hawaii',8742),(685,'Philipa','Roset','Florida',6605),(686,'Isidora','Boerderman','Connecticut',8832),(687,'Zuzana','Glenister','Missouri',9873),(688,'Dallas','Hamner','Ohio',3569),(689,'Norbie','Lindeberg','District of Columbia',3442),(690,'Irwinn','Vernazza','Florida',1508),(691,'Henrik','McManus','New York',4563),(692,'Alex','Marvell','New York',6119),(693,'Silvain','Pottiphar','Michigan',6629),(694,'Mickie','Stud','Colorado',6634),(695,'Chet','McAleese','Illinois',8521),(696,'Darby','Ayscough','California',7399),(697,'Jaquenette','Wescott','Vermont',4864),(698,'Lars','Eastop','Minnesota',8811),(699,'Heida','Emmett','North Carolina',6313),(700,'Wynn','McKirton','New York',5166),(701,'Kathie','Weavers','Ohio',1292),(702,'Annadiana','Gillanders','Oklahoma',8716),(703,'Tomi','Rapier','Texas',9734),(704,'Jordanna','Kelland','California',7910),(705,'Ediva','Sagerson','District of Columbia',9572),(706,'Norby','Cholerton','Tennessee',8847),(707,'Rafael','Fatscher','Texas',6288),(708,'Pippy','Ratke','Texas',1986),(709,'Rozamond','Crowley','Colorado',6441),(710,'Sayers','McMenamie','Missouri',6004),(711,'Burch','Flucks','West Virginia',5590),(712,'Priscilla','Josowitz','Florida',2075),(713,'Joleen','Kenn','New York',2982),(714,'Bent','Crinkley','Nevada',3493),(715,'Hasty','Pohling','Texas',4180),(716,'Jamal','Wanell','Alabama',3971),(717,'Carmelia','Paike','Ohio',9508),(718,'Dody','Connelly','Alabama',4380),(719,'Isaac','Hulburd','Virginia',5746),(720,'Remy','Dobrowski','Massachusetts',8893),(721,'Conrado','Laugharne','District of Columbia',7712),(722,'Pen','Joisce','Massachusetts',3938),(723,'Susie','Takkos','Arkansas',4980),(724,'Darya','Gravestone','California',6634),(725,'Elsi','Barette','Oregon',6149),(726,'D\'arcy','Maddams','Georgia',9314),(727,'Davin','Barette','Georgia',2189),(728,'Clemens','Jentet','Colorado',3815),(729,'Gretta','Augustine','Michigan',9285),(730,'Doria','Goodey','Florida',7352),(731,'Nerti','Courtney','California',6975),(732,'Phillipe','Rizon','Washington',4519),(733,'Merl','Braffington','California',3697),(734,'Missy','Lasselle','Arizona',7912),(735,'Alley','Samworth','Wisconsin',8117),(736,'Keary','Fawthorpe','Oklahoma',5333),(737,'Minny','Gilluley','California',9364),(738,'Celesta','Borne','Washington',2559),(739,'Engracia','Masse','New York',9501),(740,'Korney','Inglesfield','Texas',6658),(741,'Caterina','Bertolin','Georgia',5530),(742,'Robinia','Grubey','Iowa',2405),(743,'Fernanda','Gilford','Utah',9130),(744,'Avril','Rhymes','Georgia',5983),(745,'Elisabetta','Polding','Colorado',2389),(746,'Maximilien','Yakushkin','Pennsylvania',8617),(747,'Mada','Waleworke','Kentucky',2449),(748,'Odey','Overpool','California',3018),(749,'Wilt','Janic','Ohio',2380),(750,'Tomlin','Cruddace','Texas',3037),(751,'Barn','Marmyon','Maryland',6095),(752,'Phyllys','Adderley','Texas',5442),(753,'Paula','Derricoat','Virginia',6837),(754,'Xenia','Joire','Missouri',8948),(755,'Cassandre','Trumpeter','Oklahoma',2521),(756,'Pietro','Habard','Michigan',5041),(757,'Phip','Carnson','New York',6401),(758,'Ronna','Antoniewicz','Texas',7436),(759,'Justen','Lyvon','Texas',6867),(760,'Allene','Robyns','Missouri',7014),(761,'Giffer','Hakking','Colorado',4410),(762,'Eada','Merdew','Illinois',6577),(763,'Jonie','Samuels','Florida',5262),(764,'Pattin','Mabone','Connecticut',6005),(765,'Gerrilee','Treadgold','California',8114),(766,'Ikey','Kestin','Colorado',4762),(767,'Victoir','Ratcliffe','Georgia',1239),(768,'Renault','Trubshaw','California',4606),(769,'Rivalee','Balthasar','Iowa',6920),(770,'Elsi','Burgiss','Nebraska',6075),(771,'Allin','Clifforth','New York',6961),(772,'Udell','Andell','Alabama',8707),(773,'Corly','O\'Hone','Connecticut',3221),(774,'Dennis','Queree','Virginia',7298),(775,'Danielle','Rickson','Indiana',2673),(776,'Farleigh','Linsay','Kansas',3103),(777,'Lelia','Camamill','Texas',9270),(778,'Frasco','Ames','South Carolina',3955),(779,'Elonore','Tomaszczyk','Texas',1037),(780,'Claudine','Rubie','Tennessee',5094),(781,'Ketty','Shurlock','Missouri',1290),(782,'Allie','Skillanders','Kentucky',7423),(783,'Aila','McCraine','California',7702),(784,'Jacynth','Feldon','Alabama',2508),(785,'Duncan','Goldney','Washington',6615),(786,'Dorelle','Eastham','District of Columbia',3981),(787,'Florie','Ybarra','Texas',7572),(788,'Brietta','Dumbelton','West Virginia',1599),(789,'Claudian','Klassmann','Indiana',6431),(790,'Early','Bridgnell','Oklahoma',3982),(791,'Vidovic','Frankcombe','Arizona',9500),(792,'Daron','De Domenicis','Florida',8846),(793,'Genny','Costellow','New York',7345),(794,'Courtnay','Mahon','Delaware',2261),(795,'Nyssa','Sandry','Minnesota',6631),(796,'Suellen','Pirrie','Michigan',1397),(797,'Adelbert','Matokhnin','Texas',2114),(798,'Audra','Brimman','Ohio',5934),(799,'Enrique','Standall','New Jersey',3679),(800,'Katrinka','Lammerts','Florida',4724),(801,'Felisha','Twiggins','Texas',2199),(802,'Coraline','Rowatt','Texas',2241),(803,'Nicole','Dradey','Massachusetts',6677),(804,'Murielle','Bastable','Texas',1972),(805,'Danya','Tabary','Nebraska',7665),(806,'Gregoire','Alsop','Florida',7447),(807,'Mab','Batstone','Colorado',1168),(808,'Ynes','Bert','Minnesota',3277),(809,'Marietta','Costelow','California',3060),(810,'Derwin','Puddan','Arkansas',3919),(811,'Martynne','Adshede','Pennsylvania',6228),(812,'Perry','Shambrooke','Ohio',1466),(813,'Peg','Aronowicz','Massachusetts',7977),(814,'Tally','McGlone','New Jersey',1081),(815,'Lois','Schulken','North Carolina',3869),(816,'Alphonso','Flacknell','Oklahoma',5801),(817,'Derek','Marcum','Virginia',3084),(818,'Kaleena','Worner','North Carolina',5447),(819,'Aurelea','Wickardt','Pennsylvania',9962),(820,'Valdemar','McCrory','Oklahoma',7294),(821,'Danny','Playdon','Ohio',7271),(822,'Robinetta','Greguol','Texas',9183),(823,'Klarika','Warlton','Nebraska',3663),(824,'Abraham','Cersey','California',8912),(825,'Oswell','Cheverell','Arizona',6935),(826,'Ozzy','Arro','Michigan',8919),(827,'Rochella','Roland','California',1857),(828,'Ros','Shea','Texas',2123),(829,'Kimball','Elwill','Florida',3479),(830,'Anabel','Kleinhausen','Illinois',4862),(831,'Fraser','McCoughan','Texas',8647),(832,'Tommy','Bilston','North Carolina',3958),(833,'Stace','Cockley','Texas',3871),(834,'Roz','Bultitude','Washington',4350),(835,'Bernita','Blackney','California',5111),(836,'Isidro','Mercy','California',6806),(837,'Hebert','Hewins','New York',6319),(838,'Sandi','Hatchard','Florida',5614),(839,'Darill','Yurygyn','Florida',8751),(840,'Lazare','Hargrave','New York',3288),(841,'Horst','Blaske','California',5218),(842,'Nevins','Ghiroldi','Oklahoma',6741),(843,'Darby','Rannells','Ohio',5518),(844,'Lita','Krzyzanowski','Colorado',6830),(845,'Clayborne','Hurlston','Michigan',2426),(846,'Oriana','Lagne','California',2072),(847,'Alika','Blazey','North Carolina',7477),(848,'Buddie','Bartaletti','Virginia',3901),(849,'Griz','Hammand','New Mexico',1378),(850,'Annmarie','Petrello','Georgia',8181),(851,'Ariela','Howse','Ohio',2349),(852,'Lilas','Bixley','Louisiana',8176),(853,'Cosette','Casini','Pennsylvania',7635),(854,'Raven','Trundle','Texas',9567),(855,'Phyllys','Ivanichev','Illinois',9282),(856,'Hannis','Cheeld','California',8864),(857,'Kristian','Vousden','Wisconsin',7873),(858,'Ebba','Stithe','Florida',8867),(859,'Martica','Peplow','Virginia',5955),(860,'Shepherd','Ivanishin','Iowa',3556),(861,'Gordon','Taberer','Pennsylvania',1840),(862,'Leonelle','Batchellor','Texas',5968),(863,'Cchaddie','Reay','Virginia',4535),(864,'Horatio','Rosenhaus','Pennsylvania',3325),(865,'Loree','Garnall','Arizona',7414),(866,'Meier','Neate','Indiana',1665),(867,'Opalina','Eckery','Texas',8968),(868,'Forest','Mitton','Minnesota',4714),(869,'Remus','Barhems','District of Columbia',8137),(870,'Garwin','Burman','Mississippi',1873),(871,'Hoebart','Minot','Rhode Island',9724),(872,'Christen','Phizacklea','Oregon',7234),(873,'Gnni','Kieran','Michigan',7021),(874,'Monro','Hauck','Mississippi',8288),(875,'Chrisy','Hamly','Indiana',1981),(876,'Gweneth','Kitman','Wisconsin',2322),(877,'Iosep','Philippsohn','Missouri',3611),(878,'Urbain','Bolstridge','California',1972),(879,'Fredelia','Harriott','California',9996),(880,'Pippo','Aitken','Ohio',6900),(881,'Harlan','Tunnow','Kentucky',3186),(882,'Brocky','Volett','South Carolina',5588),(883,'Waring','Binny','California',2405),(884,'Lil','O\' Culligan','Minnesota',7999),(885,'Teddi','Agerskow','Florida',4267),(886,'Osbourn','Bonny','Missouri',3705),(887,'Gregoire','Daniello','New Jersey',6173),(888,'Kerri','Swane','Florida',1520),(889,'Teddi','Fennelow','California',9482),(890,'Shel','Vercruysse','Indiana',6719),(891,'Damara','Durrad','Alaska',4446),(892,'Madison','Mohring','Texas',6093),(893,'Fredric','Lodwig','Texas',5512),(894,'Elyssa','Dunne','Georgia',2328),(895,'Dorry','Elecum','Florida',2940),(896,'Antonetta','Tonbridge','Florida',8698),(897,'Lukas','Comelli','Pennsylvania',8913),(898,'Marietta','Elphick','Florida',1085),(899,'Wait','Millwater','Colorado',4356),(900,'Garv','Overell','Maryland',7453),(901,'Les','Fassman','South Carolina',9493),(902,'Linnea','Sermin','Texas',6215),(903,'Tyler','Flancinbaum','Tennessee',7962),(904,'Selinda','Kerrey','New Jersey',3816),(905,'Jo-ann','Naul','Alabama',7671),(906,'Maryanna','Tarbin','Delaware',2432),(907,'La verne','Yakutin','Virginia',9516),(908,'Montague','Kleuer','Massachusetts',5276),(909,'Giraud','Ramel','North Carolina',8664),(910,'Joana','Fourman','Virginia',9269),(911,'Jacobo','Domone','Tennessee',9699),(912,'Ora','Dubock','Colorado',2067),(913,'Carolyne','Clineck','Texas',2321),(914,'Christal','Rodders','Texas',1900),(915,'Alissa','Blamire','Florida',2883),(916,'Toni','Stairmond','California',3247),(917,'Irvin','Kilner','Illinois',4802),(918,'Sharity','Kittiman','Connecticut',8104),(919,'Bryn','Silly','Minnesota',1253),(920,'Devy','Rambadt','Arkansas',5129),(921,'Audry','Espadas','Texas',8328),(922,'Bruis','Wickwarth','District of Columbia',7429),(923,'Ignaz','Martell','New York',4437),(924,'Michele','Tracy','Nevada',1412),(925,'Obediah','Iacofo','Tennessee',4960),(926,'Maxy','Di Giorgio','Georgia',2514),(927,'Jenilee','Chasmor','Oklahoma',7596),(928,'Meggie','Davison','New York',1999),(929,'Jonie','Ferrarone','California',7882),(930,'Caryn','Tedstone','Kentucky',2367),(931,'Emeline','Bleddon','New Jersey',4155),(932,'Elsinore','Seth','Indiana',5882),(933,'Cornelius','Luckcuck','Colorado',1772),(934,'Elladine','McKelvey','Florida',5046),(935,'Al','Matczak','Texas',9008),(936,'Rennie','Stormonth','Texas',3728),(937,'Joannes','Neeson','Connecticut',9997),(938,'Marcelo','Cuttelar','Illinois',3330),(939,'Hurley','Acey','Florida',5666),(940,'Vinson','Hierro','California',2179),(941,'Toby','Surphliss','Pennsylvania',7268),(942,'Timotheus','Bleackley','Connecticut',1954),(943,'Rooney','Peach','Florida',5730),(944,'Abagael','Tuffey','Texas',8126),(945,'Teddie','Sizland','Texas',6776),(946,'Sheelah','Messer','Arkansas',1688),(947,'Zara','Vedikhov','Wisconsin',7436),(948,'Amelia','Camocke','Arizona',4972),(949,'Marylynne','Karim','Arkansas',7697),(950,'Adam','Bendig','Colorado',5305),(951,'Winslow','Dumbare','New Mexico',9407),(952,'Faythe','Wibrow','Florida',1756),(953,'Lonnie','Pettit','New York',7028),(954,'Brigg','Reedshaw','California',3929),(955,'Janine','Kleinerman','Illinois',4533),(956,'Mozelle','Espinal','California',9271),(957,'Jeff','Follit','Virginia',1774),(958,'Melonie','Inchan','North Dakota',2250),(959,'Humberto','Lyptrade','Massachusetts',9923),(960,'Phillipe','Putman','California',8386),(961,'Stoddard','Trace','Texas',4148),(962,'Fonsie','Brogioni','Texas',2395),(963,'Orelee','Dooney','California',2380),(964,'Stormy','Eggle','Florida',5642),(965,'Karolina','Akam','Missouri',9651),(966,'Gabrielle','Gyenes','Florida',2705),(967,'Othilia','Segebrecht','Alabama',6163),(968,'Tani','Pershouse','Colorado',6284),(969,'Cariotta','MacEvilly','Texas',8837),(970,'Fredrika','Wayper','California',1434),(971,'Deina','Iacomini','California',7289),(972,'Barnaby','McWard','Arizona',7554),(973,'Armin','Pye','Florida',5826),(974,'Taite','Crane','Texas',1733),(975,'Bernie','Gosforth','Texas',9502),(976,'Barbara','Revans','North Carolina',8958),(977,'Valaree','Giabucci','Florida',7613),(978,'Herby','Wolfit','Pennsylvania',3543),(979,'Belinda','Whifen','Delaware',9046),(980,'Mathias','Stormes','Ohio',8033),(981,'Cletus','Josefs','Virginia',5677),(982,'Charo','Quickenden','Iowa',3877),(983,'Addi','Tranfield','Pennsylvania',7544),(984,'Tailor','Britee','North Carolina',8499),(985,'Alvan','Jendricke','Indiana',3944),(986,'Wilton','Sakins','California',8338),(987,'Goldi','Fall','Kentucky',5754),(988,'Berkly','Baddiley','New York',1131),(989,'Benetta','Leakner','Florida',9824),(990,'Free','Allerton','Arkansas',1485),(991,'Stanly','Birkmyre','New York',6905),(992,'Llywellyn','McIlwraith','Pennsylvania',5896),(993,'Mickie','Banfill','Florida',8314),(994,'Patrick','Delatour','South Carolina',3687),(995,'Parrnell','Parsall','Florida',9835),(996,'Romola','Besson','Utah',5930),(997,'Myrlene','Cornhill','Iowa',4704),(998,'Dougy','Bowers','Iowa',3813),(999,'Frederic','Rois','California',7223),(1000,'Donia','Suggett','Texas',7196);
INSERT INTO flight (id, airline_id, departure_time, arrival_time, departure_city, arrival_city, gate_id) VALUES (1,16,'2017-09-17 00:00:05.664000','2017-09-17 02:00:05.664000','Chicago','Atlanta',16),(2,9,'2017-04-22 12:09:21.829000','2017-04-22 14:09:21.829000','Los Angeles','Atlanta',9),(3,2,'2017-08-08 23:38:56.734000','2017-08-09 01:38:56.734000','Los Angeles','Chicago',2),(4,15,'2017-08-16 00:37:55.184000','2017-08-16 02:37:55.184000','Washington DC','New York',15),(5,15,'2017-09-28 03:31:36.821000','2017-09-28 05:31:36.821000','Chicago','New York',15),(6,9,'2017-03-16 11:41:40.248000','2017-03-16 13:41:40.248000','Chicago','Los Angeles',9),(7,7,'2017-06-29 06:30:10.890000','2017-06-29 08:30:10.890000','New York','Washington DC',7),(8,15,'2017-12-02 13:31:39.777000','2017-12-02 15:31:39.777000','Atlanta','Chicago',15),(9,11,'2017-11-28 19:49:35.783000','2017-11-28 21:49:35.783000','Atlanta','Los Angeles',11),(10,15,'2017-05-09 07:01:43.144000','2017-05-09 09:01:43.144000','Los Angeles','Chicago',15),(11,2,'2017-09-24 15:51:13.854000','2017-09-24 17:51:13.854000','New York','Los Angeles',2),(12,8,'2017-08-24 15:27:33.607000','2017-08-24 17:27:33.607000','Los Angeles','New York',8),(13,10,'2017-10-18 22:34:05.730000','2017-10-19 00:34:05.730000','Los Angeles','Washington DC',10),(14,4,'2017-04-18 05:49:18.075000','2017-04-18 07:49:18.075000','New York','Atlanta',4),(15,9,'2017-10-06 06:23:13.002000','2017-10-06 08:23:13.002000','New York','Chicago',9),(16,8,'2017-09-11 06:20:44.754000','2017-09-11 08:20:44.754000','Atlanta','New York',8),(17,14,'2017-08-10 22:54:31.097000','2017-08-11 00:54:31.097000','New York','Atlanta',14),(18,2,'2017-03-05 08:33:26.913000','2017-03-05 10:33:26.913000','Washington DC','Atlanta',2),(19,13,'2017-09-15 16:20:37.616000','2017-09-15 18:20:37.616000','Los Angeles','Washington DC',13),(20,9,'2017-01-09 02:15:08.757000','2017-01-09 04:15:08.757000','Los Angeles','Atlanta',9),(21,7,'2017-10-08 02:08:07.819000','2017-10-08 04:08:07.819000','Chicago','Atlanta',7),(22,12,'2017-05-28 05:38:38.105000','2017-05-28 07:38:38.105000','New York','Chicago',12),(23,4,'2017-09-26 16:00:28.208000','2017-09-26 18:00:28.208000','Washington DC','Los Angeles',4),(24,3,'2017-01-03 12:30:28.549000','2017-01-03 14:30:28.549000','Atlanta','New York',3),(25,14,'2017-12-20 19:07:31.496000','2017-12-20 21:07:31.496000','Washington DC','Los Angeles',14),(26,6,'2017-11-08 18:39:36.733000','2017-11-08 20:39:36.733000','Atlanta','Washington DC',6),(27,9,'2017-05-31 23:53:09.275000','2017-06-01 01:53:09.275000','New York','Chicago',9),(28,12,'2017-06-30 13:54:24.274000','2017-06-30 15:54:24.274000','Washington DC','Atlanta',12),(29,1,'2017-10-10 17:05:59.477000','2017-10-10 19:05:59.477000','Atlanta','Washington DC',1),(30,5,'2017-12-24 09:53:02.677000','2017-12-24 11:53:02.677000','Los Angeles','New York',5),(31,11,'2017-06-18 23:24:17.030000','2017-06-19 01:24:17.030000','Chicago','Los Angeles',11),(32,14,'2017-11-14 17:45:11.948000','2017-11-14 19:45:11.948000','New York','Chicago',14),(33,12,'2017-05-19 05:57:09.361000','2017-05-19 07:57:09.361000','Washington DC','Los Angeles',12),(34,12,'2017-06-11 11:52:10.610000','2017-06-11 13:52:10.610000','Atlanta','Washington DC',12),(35,14,'2017-02-09 16:30:23.345000','2017-02-09 18:30:23.345000','New York','Washington DC',14),(36,11,'2017-11-12 14:23:06.880000','2017-11-12 16:23:06.880000','New York','Washington DC',11),(37,10,'2017-02-09 23:30:34.575000','2017-02-10 01:30:34.575000','Los Angeles','Chicago',10),(38,10,'2017-08-21 18:01:35.773000','2017-08-21 20:01:35.773000','Atlanta','Washington DC',10),(39,8,'2017-07-20 18:06:43.608000','2017-07-20 20:06:43.608000','New York','Chicago',8),(40,13,'2017-04-27 20:05:21.828000','2017-04-27 22:05:21.828000','New York','Washington DC',13),(41,6,'2017-07-11 16:27:30.983000','2017-07-11 18:27:30.983000','Atlanta','Washington DC',6),(42,4,'2017-12-18 03:14:34.517000','2017-12-18 05:14:34.517000','Los Angeles','Washington DC',4),(43,13,'2017-08-13 23:17:56.286000','2017-08-14 01:17:56.286000','Los Angeles','Chicago',13),(44,1,'2017-10-21 18:45:59.247000','2017-10-21 20:45:59.247000','Atlanta','New York',1),(45,7,'2017-09-28 23:43:24.592000','2017-09-29 01:43:24.592000','Chicago','Washington DC',7),(46,14,'2017-10-14 16:33:13.194000','2017-10-14 18:33:13.194000','New York','Chicago',14),(47,12,'2017-11-25 04:00:39.054000','2017-11-25 06:00:39.054000','Los Angeles','Washington DC',12),(48,13,'2017-10-22 10:48:41.837000','2017-10-22 12:48:41.837000','Atlanta','Washington DC',13),(49,1,'2017-10-01 00:05:30.697000','2017-10-01 02:05:30.697000','Chicago','Washington DC',1),(50,14,'2017-11-18 12:36:49.075000','2017-11-18 14:36:49.075000','Atlanta','Washington DC',14),(51,7,'2017-12-13 04:03:10.111000','2017-12-13 06:03:10.111000','New York','Atlanta',7),(52,1,'2017-03-01 18:46:00.002000','2017-03-01 20:46:00.002000','New York','Atlanta',1),(53,3,'2017-01-11 02:03:06.781000','2017-01-11 04:03:06.781000','Washington DC','Atlanta',3),(54,4,'2017-07-07 03:29:39.995000','2017-07-07 05:29:39.995000','New York','Los Angeles',4),(55,2,'2017-03-12 13:02:16.761000','2017-03-12 15:02:16.761000','Washington DC','Atlanta',2),(56,16,'2017-08-09 05:17:59.886000','2017-08-09 07:17:59.886000','Atlanta','Los Angeles',16),(57,10,'2017-10-09 17:23:27.046000','2017-10-09 19:23:27.046000','New York','Los Angeles',10),(58,3,'2017-06-05 04:20:59.917000','2017-06-05 06:20:59.917000','Atlanta','New York',3),(59,5,'2017-04-24 11:04:56.252000','2017-04-24 13:04:56.252000','Atlanta','Washington DC',5),(60,6,'2017-07-09 05:53:57.707000','2017-07-09 07:53:57.707000','Washington DC','Chicago',6),(61,13,'2017-05-02 23:24:02.746000','2017-05-03 01:24:02.746000','Atlanta','Chicago',13),(62,8,'2017-10-15 07:21:39.517000','2017-10-15 09:21:39.517000','New York','Los Angeles',8),(63,2,'2017-09-24 12:50:21.005000','2017-09-24 14:50:21.005000','Los Angeles','Atlanta',2),(64,7,'2017-07-10 16:24:11.398000','2017-07-10 18:24:11.398000','Los Angeles','New York',7),(65,5,'2017-04-15 15:02:58.804000','2017-04-15 17:02:58.804000','Chicago','Los Angeles',5),(66,9,'2017-07-01 12:35:40.808000','2017-07-01 14:35:40.808000','Los Angeles','Atlanta',9),(67,15,'2017-09-29 15:14:37.966000','2017-09-29 17:14:37.966000','Chicago','New York',15),(68,15,'2017-01-05 22:13:06.676000','2017-01-06 00:13:06.676000','Chicago','Atlanta',15),(69,16,'2017-09-27 08:45:48.872000','2017-09-27 10:45:48.872000','Washington DC','Chicago',16),(70,2,'2017-05-01 05:00:49.736000','2017-05-01 07:00:49.736000','Atlanta','Chicago',2),(71,11,'2017-07-08 19:27:34.333000','2017-07-08 21:27:34.333000','Los Angeles','Atlanta',11),(72,8,'2017-08-29 21:33:19.197000','2017-08-29 23:33:19.197000','Washington DC','Atlanta',8),(73,10,'2017-01-13 17:29:16.495000','2017-01-13 19:29:16.495000','New York','Los Angeles',10),(74,2,'2017-02-22 02:24:15.300000','2017-02-22 04:24:15.300000','Los Angeles','New York',2),(75,11,'2017-12-01 11:34:24.788000','2017-12-01 13:34:24.788000','Los Angeles','Washington DC',11),(76,11,'2017-09-17 11:53:54.672000','2017-09-17 13:53:54.672000','Los Angeles','New York',11),(77,9,'2017-01-03 02:30:25.906000','2017-01-03 04:30:25.906000','Los Angeles','Chicago',9),(78,6,'2017-09-15 09:04:51.509000','2017-09-15 11:04:51.509000','Chicago','New York',6),(79,10,'2017-08-31 04:52:13.611000','2017-08-31 06:52:13.611000','Chicago','Atlanta',10),(80,2,'2017-01-10 15:43:00.741000','2017-01-10 17:43:00.741000','Atlanta','Los Angeles',2),(81,14,'2017-05-06 18:36:33.108000','2017-05-06 20:36:33.108000','Chicago','Los Angeles',14),(82,13,'2017-10-01 05:20:45.793000','2017-10-01 07:20:45.793000','New York','Washington DC',13),(83,3,'2017-10-01 22:14:55.236000','2017-10-02 00:14:55.236000','Chicago','New York',3),(84,9,'2017-01-15 08:44:35.083000','2017-01-15 10:44:35.083000','Washington DC','Los Angeles',9),(85,3,'2017-06-12 09:58:34.853000','2017-06-12 11:58:34.853000','Atlanta','New York',3),(86,3,'2017-07-09 15:03:27.946000','2017-07-09 17:03:27.946000','Washington DC','Atlanta',3),(87,3,'2017-07-05 07:14:38.596000','2017-07-05 09:14:38.596000','Atlanta','Washington DC',3),(88,12,'2017-03-17 05:52:03.852000','2017-03-17 07:52:03.852000','Washington DC','Atlanta',12),(89,3,'2017-04-10 11:26:37.674000','2017-04-10 13:26:37.674000','Chicago','New York',3),(90,1,'2017-06-23 11:11:09.892000','2017-06-23 13:11:09.892000','Chicago','Washington DC',1),(91,13,'2017-12-01 23:01:14.008000','2017-12-02 01:01:14.008000','Los Angeles','Atlanta',13),(92,4,'2017-01-11 13:53:31.069000','2017-01-11 15:53:31.069000','Los Angeles','New York',4),(93,3,'2017-06-15 06:14:59.808000','2017-06-15 08:14:59.808000','Washington DC','Atlanta',3),(94,6,'2017-09-26 18:03:31.762000','2017-09-26 20:03:31.762000','Chicago','New York',6),(95,13,'2017-01-16 04:33:35.766000','2017-01-16 06:33:35.766000','Atlanta','New York',13),(96,14,'2017-06-22 00:29:54.500000','2017-06-22 02:29:54.500000','New York','Atlanta',14),(97,5,'2017-10-12 01:36:40.818000','2017-10-12 03:36:40.818000','Chicago','Los Angeles',5),(98,8,'2017-07-29 10:16:28.970000','2017-07-29 12:16:28.970000','New York','Los Angeles',8),(99,8,'2017-06-06 16:52:35.546000','2017-06-06 18:52:35.546000','Chicago','Washington DC',8),(100,15,'2017-06-09 05:30:16.223000','2017-06-09 07:30:16.223000','New York','Chicago',15),(101,7,'2017-10-02 11:53:23.758000','2017-10-02 13:53:23.758000','Atlanta','Los Angeles',7),(102,11,'2017-07-06 03:52:08.504000','2017-07-06 05:52:08.504000','Atlanta','Chicago',11),(103,2,'2017-07-09 12:20:04.664000','2017-07-09 14:20:04.664000','Atlanta','Los Angeles',2),(104,9,'2017-12-15 10:48:24.938000','2017-12-15 12:48:24.938000','Chicago','Washington DC',9),(105,5,'2017-08-19 06:17:04.135000','2017-08-19 08:17:04.135000','Washington DC','Chicago',5),(106,15,'2017-08-08 18:59:03.103000','2017-08-08 20:59:03.103000','Chicago','Washington DC',15),(107,14,'2017-10-15 09:45:20.802000','2017-10-15 11:45:20.802000','Los Angeles','Chicago',14),(108,11,'2017-12-18 22:28:13.841000','2017-12-19 00:28:13.841000','Atlanta','Chicago',11),(109,7,'2017-09-03 22:23:49.269000','2017-09-04 00:23:49.269000','New York','Atlanta',7),(110,10,'2017-01-25 21:56:48.985000','2017-01-25 23:56:48.985000','Chicago','Washington DC',10),(111,13,'2017-05-15 03:18:45.628000','2017-05-15 05:18:45.628000','Chicago','New York',13),(112,6,'2017-10-22 13:33:45.966000','2017-10-22 15:33:45.966000','Washington DC','Los Angeles',6),(113,2,'2017-12-08 01:40:10.095000','2017-12-08 03:40:10.095000','New York','Chicago',2),(114,10,'2017-09-14 15:25:08.624000','2017-09-14 17:25:08.624000','Los Angeles','Washington DC',10),(115,14,'2017-06-25 18:13:54.275000','2017-06-25 20:13:54.275000','New York','Atlanta',14),(116,14,'2017-02-17 23:42:33.504000','2017-02-18 01:42:33.504000','New York','Washington DC',14),(117,9,'2017-12-30 06:59:58.781000','2017-12-30 08:59:58.781000','New York','Chicago',9),(118,7,'2017-07-03 22:10:33.916000','2017-07-04 00:10:33.916000','Chicago','Washington DC',7),(119,7,'2017-09-24 15:37:24.714000','2017-09-24 17:37:24.714000','Los Angeles','Chicago',7),(120,7,'2017-06-17 19:06:04.500000','2017-06-17 21:06:04.500000','Chicago','Washington DC',7),(121,10,'2017-06-30 17:24:04.549000','2017-06-30 19:24:04.549000','Chicago','Washington DC',10),(122,6,'2017-06-05 16:50:05.681000','2017-06-05 18:50:05.681000','Atlanta','New York',6),(123,2,'2017-10-05 09:04:02.314000','2017-10-05 11:04:02.314000','New York','Atlanta',2),(124,14,'2017-07-13 12:07:35.713000','2017-07-13 14:07:35.713000','Washington DC','Chicago',14),(125,2,'2017-03-03 22:38:22.911000','2017-03-04 00:38:22.911000','New York','Los Angeles',2),(126,16,'2017-07-23 07:04:15.062000','2017-07-23 09:04:15.062000','Washington DC','Los Angeles',16),(127,9,'2017-04-23 16:19:37.239000','2017-04-23 18:19:37.239000','Atlanta','New York',9),(128,8,'2017-05-30 15:43:12.670000','2017-05-30 17:43:12.670000','Atlanta','Washington DC',8),(129,10,'2017-05-28 15:17:20.038000','2017-05-28 17:17:20.038000','Los Angeles','Washington DC',10),(130,12,'2017-10-15 02:52:28.649000','2017-10-15 04:52:28.649000','New York','Atlanta',12),(131,1,'2017-12-22 04:14:16.239000','2017-12-22 06:14:16.239000','Washington DC','Atlanta',1),(132,10,'2017-07-20 02:32:20.247000','2017-07-20 04:32:20.247000','Washington DC','Atlanta',10),(133,4,'2017-12-14 01:15:49.841000','2017-12-14 03:15:49.841000','Chicago','New York',4),(134,7,'2017-09-11 13:02:44.445000','2017-09-11 15:02:44.445000','Chicago','Atlanta',7),(135,8,'2017-04-21 23:08:09.267000','2017-04-22 01:08:09.267000','New York','Chicago',8),(136,1,'2017-02-28 13:37:40.605000','2017-02-28 15:37:40.605000','Washington DC','New York',1),(137,15,'2017-07-26 02:17:27.048000','2017-07-26 04:17:27.048000','Washington DC','Los Angeles',15),(138,15,'2017-07-14 20:30:11.118000','2017-07-14 22:30:11.118000','Chicago','Washington DC',15),(139,11,'2017-12-07 00:56:54.159000','2017-12-07 02:56:54.159000','Atlanta','Chicago',11),(140,12,'2017-10-02 01:31:06.413000','2017-10-02 03:31:06.413000','Los Angeles','Chicago',12),(141,11,'2017-10-15 09:14:09.575000','2017-10-15 11:14:09.575000','Washington DC','Chicago',11),(142,8,'2017-02-08 11:26:23.185000','2017-02-08 13:26:23.185000','Washington DC','New York',8),(143,11,'2017-08-20 08:41:15.433000','2017-08-20 10:41:15.433000','Atlanta','New York',11),(144,15,'2017-03-15 17:52:01.281000','2017-03-15 19:52:01.281000','Atlanta','Chicago',15),(145,16,'2017-01-17 16:52:11.794000','2017-01-17 18:52:11.794000','New York','Washington DC',16),(146,3,'2017-10-24 13:00:06.959000','2017-10-24 15:00:06.959000','Washington DC','Los Angeles',3),(147,11,'2017-01-16 12:21:03.255000','2017-01-16 14:21:03.255000','Atlanta','Chicago',11),(148,14,'2017-07-03 13:07:03.895000','2017-07-03 15:07:03.895000','New York','Los Angeles',14),(149,15,'2017-06-11 18:53:38.893000','2017-06-11 20:53:38.893000','Los Angeles','New York',15),(150,9,'2017-05-29 07:17:19.383000','2017-05-29 09:17:19.383000','Atlanta','New York',9),(151,3,'2017-09-28 14:54:14.518000','2017-09-28 16:54:14.518000','Chicago','Atlanta',3),(152,12,'2017-03-15 06:12:27.135000','2017-03-15 08:12:27.135000','Chicago','New York',12),(153,2,'2017-06-16 15:33:37.777000','2017-06-16 17:33:37.777000','New York','Atlanta',2),(154,15,'2017-09-15 12:41:16.602000','2017-09-15 14:41:16.602000','Los Angeles','Atlanta',15),(155,13,'2017-03-13 10:20:38.657000','2017-03-13 12:20:38.657000','Atlanta','Washington DC',13),(156,13,'2017-07-25 06:20:39.323000','2017-07-25 08:20:39.323000','Los Angeles','Atlanta',13),(157,11,'2017-09-23 11:41:07.107000','2017-09-23 13:41:07.107000','New York','Atlanta',11),(158,12,'2017-03-09 00:05:05.462000','2017-03-09 02:05:05.462000','Washington DC','New York',12),(159,7,'2017-08-17 22:49:34.397000','2017-08-18 00:49:34.397000','Washington DC','New York',7),(160,2,'2017-10-07 17:47:20.655000','2017-10-07 19:47:20.655000','New York','Los Angeles',2),(161,11,'2017-10-13 04:10:51.787000','2017-10-13 06:10:51.787000','Washington DC','Chicago',11),(162,14,'2017-05-02 02:07:59.353000','2017-05-02 04:07:59.353000','New York','Chicago',14),(163,9,'2017-09-01 19:42:31.544000','2017-09-01 21:42:31.544000','Washington DC','New York',9),(164,8,'2017-09-10 22:23:45.480000','2017-09-11 00:23:45.480000','Washington DC','Atlanta',8),(165,7,'2017-05-07 08:07:06.794000','2017-05-07 10:07:06.794000','Atlanta','Los Angeles',7),(166,1,'2017-08-26 09:48:07.906000','2017-08-26 11:48:07.906000','Chicago','Los Angeles',1),(167,6,'2017-12-20 13:27:01.103000','2017-12-20 15:27:01.103000','Washington DC','Chicago',6),(168,7,'2017-06-20 12:03:14.210000','2017-06-20 14:03:14.210000','Los Angeles','New York',7),(169,4,'2017-04-27 09:26:23.400000','2017-04-27 11:26:23.400000','New York','Los Angeles',4),(170,5,'2017-06-24 17:50:05.312000','2017-06-24 19:50:05.312000','Chicago','Los Angeles',5),(171,1,'2017-06-30 09:10:33.940000','2017-06-30 11:10:33.940000','Los Angeles','Chicago',1),(172,12,'2017-07-18 01:16:28.181000','2017-07-18 03:16:28.181000','New York','Washington DC',12),(173,12,'2017-03-03 07:17:04.711000','2017-03-03 09:17:04.711000','New York','Washington DC',12),(174,14,'2017-01-21 14:08:34.874000','2017-01-21 16:08:34.874000','Chicago','Washington DC',14),(175,15,'2017-06-12 14:21:50.762000','2017-06-12 16:21:50.762000','Atlanta','Los Angeles',15),(176,3,'2017-12-14 01:03:47.958000','2017-12-14 03:03:47.958000','Atlanta','Washington DC',3),(177,4,'2017-09-02 14:47:01.222000','2017-09-02 16:47:01.222000','Washington DC','Los Angeles',4),(178,12,'2017-12-23 02:05:39.995000','2017-12-23 04:05:39.995000','Los Angeles','Atlanta',12),(179,15,'2017-01-23 23:04:10.874000','2017-01-24 01:04:10.874000','Atlanta','Los Angeles',15),(180,1,'2017-04-26 23:02:16.585000','2017-04-27 01:02:16.585000','Atlanta','Washington DC',1),(181,3,'2017-06-27 03:34:05.254000','2017-06-27 05:34:05.254000','Atlanta','Chicago',3),(182,4,'2017-08-16 23:39:57.681000','2017-08-17 01:39:57.681000','Washington DC','Atlanta',4),(183,1,'2017-08-10 06:49:44.064000','2017-08-10 08:49:44.064000','Chicago','New York',1),(184,15,'2017-05-16 18:37:48.514000','2017-05-16 20:37:48.514000','New York','Chicago',15),(185,13,'2017-12-19 18:29:19.378000','2017-12-19 20:29:19.378000','Washington DC','Los Angeles',13),(186,5,'2017-04-03 21:06:21.547000','2017-04-03 23:06:21.547000','Washington DC','Atlanta',5),(187,4,'2017-12-06 15:09:51.188000','2017-12-06 17:09:51.188000','Los Angeles','New York',4),(188,7,'2017-01-10 04:07:46.717000','2017-01-10 06:07:46.717000','Los Angeles','New York',7),(189,9,'2017-01-19 07:40:57.214000','2017-01-19 09:40:57.214000','Chicago','Atlanta',9),(190,13,'2017-03-02 08:26:10.447000','2017-03-02 10:26:10.447000','New York','Los Angeles',13),(191,13,'2017-12-09 04:07:23.638000','2017-12-09 06:07:23.638000','Chicago','Washington DC',13),(192,10,'2017-06-13 17:26:15.440000','2017-06-13 19:26:15.440000','Los Angeles','Atlanta',10),(193,9,'2017-09-23 11:33:32.571000','2017-09-23 13:33:32.571000','Chicago','Los Angeles',9),(194,2,'2017-10-18 01:25:39.677000','2017-10-18 03:25:39.677000','Atlanta','Washington DC',2),(195,12,'2017-02-06 01:45:14.952000','2017-02-06 03:45:14.952000','Chicago','New York',12),(196,6,'2017-04-18 13:19:28.278000','2017-04-18 15:19:28.278000','Chicago','New York',6),(197,7,'2017-12-05 08:34:11.755000','2017-12-05 10:34:11.755000','Chicago','Atlanta',7),(198,1,'2017-08-15 08:04:26.491000','2017-08-15 10:04:26.491000','Washington DC','Atlanta',1),(199,16,'2017-12-14 06:04:31.920000','2017-12-14 08:04:31.920000','Washington DC','Los Angeles',16),(200,16,'2017-11-13 05:17:35.637000','2017-11-13 07:17:35.637000','Chicago','Atlanta',16),(201,5,'2017-01-18 12:04:53.930000','2017-01-18 14:04:53.930000','New York','Atlanta',5),(202,3,'2017-06-18 17:05:24.381000','2017-06-18 19:05:24.381000','Washington DC','Los Angeles',3),(203,9,'2017-03-11 17:19:34.148000','2017-03-11 19:19:34.148000','Los Angeles','New York',9),(204,2,'2017-01-23 07:20:52.713000','2017-01-23 09:20:52.713000','Washington DC','Atlanta',2),(205,5,'2017-07-05 12:42:53.356000','2017-07-05 14:42:53.356000','Atlanta','Los Angeles',5),(206,15,'2017-03-14 14:31:36.006000','2017-03-14 16:31:36.006000','Atlanta','Chicago',15),(207,16,'2017-06-07 01:49:10.572000','2017-06-07 03:49:10.572000','New York','Atlanta',16),(208,12,'2017-11-14 17:22:36.849000','2017-11-14 19:22:36.849000','Washington DC','Chicago',12),(209,10,'2017-01-15 07:29:16.536000','2017-01-15 09:29:16.536000','Washington DC','New York',10),(210,6,'2017-11-13 02:07:39.306000','2017-11-13 04:07:39.306000','New York','Chicago',6),(211,13,'2017-05-10 10:22:27.944000','2017-05-10 12:22:27.944000','Los Angeles','Chicago',13),(212,13,'2017-08-09 23:59:30.510000','2017-08-10 01:59:30.510000','New York','Los Angeles',13),(213,16,'2017-03-03 19:03:44.397000','2017-03-03 21:03:44.397000','Chicago','New York',16),(214,16,'2017-11-12 22:57:13.499000','2017-11-13 00:57:13.499000','New York','Chicago',16),(215,4,'2017-03-09 10:40:57.393000','2017-03-09 12:40:57.393000','Atlanta','New York',4),(216,4,'2017-03-18 10:30:34.828000','2017-03-18 12:30:34.828000','Atlanta','Chicago',4),(217,10,'2017-09-12 16:37:09.793000','2017-09-12 18:37:09.793000','Washington DC','Los Angeles',10),(218,16,'2017-04-11 21:42:18.369000','2017-04-11 23:42:18.369000','Washington DC','Los Angeles',16),(219,1,'2017-10-17 16:52:29.605000','2017-10-17 18:52:29.605000','Los Angeles','Atlanta',1),(220,7,'2017-10-04 20:37:53.586000','2017-10-04 22:37:53.586000','Atlanta','Los Angeles',7),(221,2,'2017-06-11 07:58:19.275000','2017-06-11 09:58:19.275000','New York','Los Angeles',2),(222,11,'2017-05-01 14:28:13.384000','2017-05-01 16:28:13.384000','New York','Washington DC',11),(223,11,'2017-12-12 03:31:26.245000','2017-12-12 05:31:26.245000','Atlanta','New York',11),(224,1,'2017-10-28 14:25:15.893000','2017-10-28 16:25:15.893000','Atlanta','New York',1),(225,12,'2017-08-16 22:29:55.065000','2017-08-17 00:29:55.065000','Atlanta','New York',12),(226,3,'2017-09-25 07:10:41.640000','2017-09-25 09:10:41.640000','Los Angeles','Washington DC',3),(227,8,'2017-03-23 22:58:09.257000','2017-03-24 00:58:09.257000','Atlanta','New York',8),(228,14,'2017-04-01 09:13:15.662000','2017-04-01 11:13:15.662000','Atlanta','Washington DC',14),(229,4,'2017-09-16 11:17:03.464000','2017-09-16 13:17:03.464000','New York','Washington DC',4),(230,14,'2017-10-18 19:37:17.268000','2017-10-18 21:37:17.268000','Atlanta','Chicago',14),(231,1,'2017-04-02 18:00:58.184000','2017-04-02 20:00:58.184000','Atlanta','Los Angeles',1),(232,13,'2017-12-11 18:33:37.177000','2017-12-11 20:33:37.177000','Chicago','Los Angeles',13),(233,9,'2017-04-06 10:03:04.939000','2017-04-06 12:03:04.939000','Chicago','Los Angeles',9),(234,11,'2017-05-17 03:38:20.914000','2017-05-17 05:38:20.914000','New York','Washington DC',11),(235,1,'2017-09-14 08:29:38.710000','2017-09-14 10:29:38.710000','Atlanta','Chicago',1),(236,9,'2017-06-25 06:01:01.086000','2017-06-25 08:01:01.086000','Washington DC','Atlanta',9),(237,15,'2017-09-22 09:30:46.651000','2017-09-22 11:30:46.651000','Chicago','Washington DC',15),(238,15,'2017-02-20 12:56:45.471000','2017-02-20 14:56:45.471000','Chicago','Atlanta',15),(239,5,'2017-05-31 10:10:20.366000','2017-05-31 12:10:20.366000','Chicago','New York',5),(240,14,'2017-06-14 04:20:26.848000','2017-06-14 06:20:26.848000','Los Angeles','Washington DC',14),(241,10,'2017-08-05 15:36:02.494000','2017-08-05 17:36:02.494000','Los Angeles','Atlanta',10),(242,10,'2017-02-14 18:48:18.708000','2017-02-14 20:48:18.708000','New York','Chicago',10),(243,4,'2017-08-11 17:21:26.962000','2017-08-11 19:21:26.962000','Atlanta','Chicago',4),(244,9,'2017-04-17 10:15:42.735000','2017-04-17 12:15:42.735000','Atlanta','Washington DC',9),(245,4,'2017-07-15 07:27:14.315000','2017-07-15 09:27:14.315000','Atlanta','New York',4),(246,1,'2017-03-31 01:55:26.396000','2017-03-31 03:55:26.396000','Chicago','Atlanta',1),(247,3,'2017-12-25 14:59:28.932000','2017-12-25 16:59:28.932000','Washington DC','Atlanta',3),(248,10,'2017-08-29 18:09:06.042000','2017-08-29 20:09:06.042000','Atlanta','New York',10),(249,16,'2017-06-26 12:49:30.159000','2017-06-26 14:49:30.159000','New York','Los Angeles',16),(250,2,'2017-04-02 14:09:04.326000','2017-04-02 16:09:04.326000','Atlanta','Los Angeles',2),(251,8,'2017-09-25 02:32:35.528000','2017-09-25 04:32:35.528000','Los Angeles','Washington DC',8),(252,1,'2017-05-23 20:45:25.648000','2017-05-23 22:45:25.648000','Washington DC','Atlanta',1),(253,16,'2017-07-28 11:34:45.409000','2017-07-28 13:34:45.409000','Atlanta','New York',16),(254,10,'2017-09-11 12:04:47.617000','2017-09-11 14:04:47.617000','Washington DC','New York',10),(255,6,'2017-04-17 15:38:38.774000','2017-04-17 17:38:38.774000','Washington DC','Los Angeles',6),(256,1,'2017-12-20 18:04:23.779000','2017-12-20 20:04:23.779000','Washington DC','Atlanta',1),(257,13,'2017-01-17 18:59:16.499000','2017-01-17 20:59:16.499000','Washington DC','New York',13),(258,3,'2017-06-24 08:09:37.492000','2017-06-24 10:09:37.492000','Chicago','Washington DC',3),(259,13,'2017-09-15 18:21:57.905000','2017-09-15 20:21:57.905000','Atlanta','Chicago',13),(260,7,'2017-07-27 06:30:31.296000','2017-07-27 08:30:31.296000','New York','Chicago',7),(261,3,'2017-12-27 07:55:12.313000','2017-12-27 09:55:12.313000','Washington DC','Los Angeles',3),(262,15,'2017-01-19 13:27:05.342000','2017-01-19 15:27:05.342000','Washington DC','New York',15),(263,13,'2017-11-28 17:51:20.874000','2017-11-28 19:51:20.874000','Los Angeles','Atlanta',13),(264,15,'2017-12-07 17:16:49.655000','2017-12-07 19:16:49.655000','Los Angeles','Washington DC',15),(265,3,'2017-10-05 12:02:45.139000','2017-10-05 14:02:45.139000','Chicago','Los Angeles',3),(266,13,'2017-08-04 21:22:38.776000','2017-08-04 23:22:38.776000','Chicago','Atlanta',13),(267,13,'2017-04-25 23:36:30.187000','2017-04-26 01:36:30.187000','Los Angeles','Washington DC',13),(268,1,'2017-11-22 11:57:37.507000','2017-11-22 13:57:37.507000','Atlanta','Los Angeles',1),(269,1,'2017-07-16 08:21:21.555000','2017-07-16 10:21:21.555000','New York','Chicago',1),(270,9,'2017-05-05 17:46:59.187000','2017-05-05 19:46:59.187000','Los Angeles','Chicago',9),(271,16,'2017-03-15 16:51:19.521000','2017-03-15 18:51:19.521000','Chicago','Los Angeles',16),(272,14,'2017-09-20 10:53:16.742000','2017-09-20 12:53:16.742000','Atlanta','Los Angeles',14),(273,13,'2017-04-03 19:15:33.425000','2017-04-03 21:15:33.425000','Chicago','Washington DC',13),(274,1,'2017-10-15 04:07:18.937000','2017-10-15 06:07:18.937000','Washington DC','Los Angeles',1),(275,3,'2017-05-10 04:04:30.378000','2017-05-10 06:04:30.378000','Washington DC','Chicago',3),(276,1,'2017-06-16 16:10:34.193000','2017-06-16 18:10:34.193000','Atlanta','Los Angeles',1),(277,12,'2017-07-12 17:18:11.426000','2017-07-12 19:18:11.426000','New York','Chicago',12),(278,15,'2017-08-15 17:22:06.308000','2017-08-15 19:22:06.308000','Chicago','New York',15),(279,10,'2017-04-10 08:43:56.927000','2017-04-10 10:43:56.927000','Chicago','Atlanta',10),(280,11,'2017-01-25 19:00:17.387000','2017-01-25 21:00:17.387000','Los Angeles','Atlanta',11),(281,3,'2017-11-19 21:27:51.866000','2017-11-19 23:27:51.866000','New York','Chicago',3),(282,7,'2017-03-08 13:59:45.240000','2017-03-08 15:59:45.240000','Chicago','Los Angeles',7),(283,9,'2017-01-31 20:16:58.306000','2017-01-31 22:16:58.306000','New York','Atlanta',9),(284,12,'2017-05-28 14:08:30.280000','2017-05-28 16:08:30.280000','Los Angeles','Chicago',12),(285,8,'2017-09-04 00:39:47.851000','2017-09-04 02:39:47.851000','Washington DC','Los Angeles',8),(286,14,'2017-08-17 02:32:57.391000','2017-08-17 04:32:57.391000','Washington DC','Chicago',14),(287,4,'2017-12-18 23:39:15.908000','2017-12-19 01:39:15.908000','Atlanta','Los Angeles',4),(288,8,'2017-02-27 07:52:03.639000','2017-02-27 09:52:03.639000','Atlanta','Los Angeles',8),(289,1,'2017-08-15 22:06:36.226000','2017-08-16 00:06:36.226000','Atlanta','Los Angeles',1),(290,7,'2017-03-19 10:17:38.039000','2017-03-19 12:17:38.039000','Washington DC','Atlanta',7),(291,3,'2017-06-25 21:50:12.070000','2017-06-25 23:50:12.070000','Atlanta','Los Angeles',3),(292,13,'2017-04-16 11:11:38.161000','2017-04-16 13:11:38.161000','Chicago','Atlanta',13),(293,15,'2017-11-21 14:14:38.618000','2017-11-21 16:14:38.618000','New York','Atlanta',15),(294,9,'2017-11-22 06:16:57.707000','2017-11-22 08:16:57.707000','New York','Los Angeles',9),(295,16,'2017-10-03 07:36:11.638000','2017-10-03 09:36:11.638000','Atlanta','New York',16),(296,2,'2017-01-07 02:36:17.097000','2017-01-07 04:36:17.097000','New York','Washington DC',2),(297,11,'2017-10-28 02:12:26.997000','2017-10-28 04:12:26.997000','Atlanta','Washington DC',11),(298,4,'2017-11-15 09:17:54.976000','2017-11-15 11:17:54.976000','Atlanta','Los Angeles',4),(299,2,'2017-10-18 13:01:36.431000','2017-10-18 15:01:36.431000','Atlanta','Chicago',2),(300,14,'2017-01-05 05:03:54.126000','2017-01-05 07:03:54.126000','Washington DC','Chicago',14),(301,5,'2017-04-26 18:51:53.686000','2017-04-26 20:51:53.686000','Chicago','New York',5),(302,13,'2017-12-04 08:55:49.836000','2017-12-04 10:55:49.836000','Atlanta','Los Angeles',13),(303,11,'2017-08-22 10:31:55.914000','2017-08-22 12:31:55.914000','Los Angeles','New York',11),(304,2,'2017-05-16 21:43:02.492000','2017-05-16 23:43:02.492000','Chicago','Washington DC',2),(305,10,'2017-11-24 22:44:26.326000','2017-11-25 00:44:26.326000','Washington DC','Chicago',10),(306,16,'2017-01-05 11:57:17.273000','2017-01-05 13:57:17.273000','Los Angeles','New York',16),(307,10,'2017-02-20 08:36:50.403000','2017-02-20 10:36:50.403000','New York','Washington DC',10),(308,12,'2017-11-13 02:54:06.002000','2017-11-13 04:54:06.002000','Chicago','Washington DC',12),(309,6,'2017-02-22 19:06:25.799000','2017-02-22 21:06:25.799000','New York','Atlanta',6),(310,16,'2017-03-22 19:34:00.578000','2017-03-22 21:34:00.578000','Atlanta','Los Angeles',16),(311,9,'2017-06-05 08:17:07.023000','2017-06-05 10:17:07.023000','Atlanta','Los Angeles',9),(312,7,'2017-02-02 21:32:44.411000','2017-02-02 23:32:44.411000','Los Angeles','New York',7),(313,8,'2017-01-02 09:40:13.433000','2017-01-02 11:40:13.433000','Chicago','Washington DC',8),(314,10,'2017-02-09 02:51:13.829000','2017-02-09 04:51:13.829000','New York','Atlanta',10),(315,15,'2017-02-02 04:33:20.939000','2017-02-02 06:33:20.939000','Washington DC','Atlanta',15),(316,8,'2017-06-24 01:49:40.597000','2017-06-24 03:49:40.597000','Chicago','New York',8),(317,6,'2017-01-10 17:28:20.288000','2017-01-10 19:28:20.288000','Atlanta','Chicago',6),(318,11,'2017-04-01 07:34:33.120000','2017-04-01 09:34:33.120000','Chicago','New York',11),(319,14,'2017-12-25 14:03:59.669000','2017-12-25 16:03:59.669000','New York','Chicago',14),(320,8,'2017-08-02 05:13:21.232000','2017-08-02 07:13:21.232000','New York','Atlanta',8),(321,4,'2017-03-05 13:46:03.867000','2017-03-05 15:46:03.867000','Los Angeles','Chicago',4),(322,11,'2017-04-14 01:36:18.739000','2017-04-14 03:36:18.739000','Los Angeles','New York',11),(323,10,'2017-08-02 04:47:24.112000','2017-08-02 06:47:24.112000','Washington DC','Los Angeles',10),(324,14,'2017-08-07 17:03:44.780000','2017-08-07 19:03:44.780000','Los Angeles','Washington DC',14),(325,6,'2017-02-19 21:13:28.528000','2017-02-19 23:13:28.528000','Los Angeles','Chicago',6),(326,9,'2017-09-17 10:43:00.643000','2017-09-17 12:43:00.643000','Chicago','New York',9),(327,4,'2017-05-15 21:20:52.825000','2017-05-15 23:20:52.825000','Atlanta','Washington DC',4),(328,9,'2017-11-14 10:58:01.064000','2017-11-14 12:58:01.064000','Washington DC','Chicago',9),(329,11,'2017-08-19 12:55:05.233000','2017-08-19 14:55:05.233000','Los Angeles','New York',11),(330,10,'2017-06-23 05:16:36.344000','2017-06-23 07:16:36.344000','Chicago','Atlanta',10),(331,11,'2017-07-19 19:48:34.365000','2017-07-19 21:48:34.365000','New York','Atlanta',11),(332,7,'2017-02-15 12:24:29.711000','2017-02-15 14:24:29.711000','Atlanta','New York',7),(333,12,'2017-03-04 02:07:54.657000','2017-03-04 04:07:54.657000','Washington DC','Chicago',12),(334,6,'2017-09-10 04:30:51.090000','2017-09-10 06:30:51.090000','Washington DC','Los Angeles',6),(335,11,'2017-11-23 11:23:08.791000','2017-11-23 13:23:08.791000','New York','Los Angeles',11),(336,3,'2017-02-13 18:40:10.731000','2017-02-13 20:40:10.731000','New York','Chicago',3),(337,12,'2017-02-16 19:53:19.847000','2017-02-16 21:53:19.847000','Atlanta','Washington DC',12),(338,16,'2017-12-25 03:17:51.525000','2017-12-25 05:17:51.525000','Chicago','Washington DC',16),(339,11,'2017-12-30 04:27:57.980000','2017-12-30 06:27:57.980000','Los Angeles','Chicago',11),(340,6,'2017-09-27 19:20:38.875000','2017-09-27 21:20:38.875000','Chicago','Atlanta',6),(341,3,'2017-11-01 21:05:47.420000','2017-11-01 23:05:47.420000','New York','Washington DC',3),(342,2,'2017-06-18 19:33:48.767000','2017-06-18 21:33:48.767000','Los Angeles','New York',2),(343,14,'2017-07-18 00:13:23.586000','2017-07-18 02:13:23.586000','Atlanta','Los Angeles',14),(344,5,'2017-11-18 14:46:21.889000','2017-11-18 16:46:21.889000','Los Angeles','New York',5),(345,15,'2017-07-12 12:34:55.471000','2017-07-12 14:34:55.471000','Los Angeles','Washington DC',15),(346,4,'2017-11-05 13:47:20.973000','2017-11-05 15:47:20.973000','New York','Washington DC',4),(347,7,'2017-08-24 23:56:57.053000','2017-08-25 01:56:57.053000','Los Angeles','New York',7),(348,3,'2017-01-25 06:57:02.629000','2017-01-25 08:57:02.629000','Chicago','Atlanta',3),(349,9,'2017-08-26 19:20:33.537000','2017-08-26 21:20:33.537000','Chicago','New York',9),(350,1,'2017-02-09 12:35:53.489000','2017-02-09 14:35:53.489000','New York','Chicago',1),(351,13,'2017-04-21 09:21:39.228000','2017-04-21 11:21:39.228000','Washington DC','New York',13),(352,6,'2017-05-19 20:52:48.327000','2017-05-19 22:52:48.327000','Chicago','Atlanta',6),(353,11,'2017-01-27 16:12:52.428000','2017-01-27 18:12:52.428000','New York','Washington DC',11),(354,1,'2017-10-08 12:27:56.859000','2017-10-08 14:27:56.859000','Los Angeles','Atlanta',1),(355,2,'2017-03-24 02:15:48.333000','2017-03-24 04:15:48.333000','Washington DC','Chicago',2),(356,14,'2017-04-02 00:23:03.898000','2017-04-02 02:23:03.898000','New York','Atlanta',14),(357,9,'2017-01-28 08:25:51.604000','2017-01-28 10:25:51.604000','Los Angeles','Washington DC',9),(358,6,'2017-03-29 05:05:14.739000','2017-03-29 07:05:14.739000','Los Angeles','New York',6),(359,3,'2017-04-30 19:29:22.007000','2017-04-30 21:29:22.007000','New York','Atlanta',3),(360,8,'2017-06-27 06:20:51.333000','2017-06-27 08:20:51.333000','Washington DC','New York',8),(361,8,'2017-12-19 08:53:59.329000','2017-12-19 10:53:59.329000','Atlanta','New York',8),(362,3,'2017-07-15 01:01:21.166000','2017-07-15 03:01:21.166000','Washington DC','Atlanta',3),(363,9,'2017-12-23 20:48:02.496000','2017-12-23 22:48:02.496000','Los Angeles','New York',9),(364,13,'2017-04-25 04:50:54.686000','2017-04-25 06:50:54.686000','New York','Chicago',13),(365,7,'2017-04-14 21:27:19.999000','2017-04-14 23:27:19.999000','Chicago','Los Angeles',7),(366,2,'2017-05-31 04:43:39.929000','2017-05-31 06:43:39.929000','Washington DC','Chicago',2),(367,4,'2017-01-03 04:31:08.789000','2017-01-03 06:31:08.789000','New York','Chicago',4),(368,10,'2017-04-23 22:34:35.344000','2017-04-24 00:34:35.344000','Atlanta','Chicago',10),(369,6,'2017-03-30 21:13:11.377000','2017-03-30 23:13:11.377000','Los Angeles','New York',6),(370,13,'2017-02-16 16:32:09.413000','2017-02-16 18:32:09.413000','Los Angeles','Chicago',13),(371,1,'2017-02-24 07:16:43.286000','2017-02-24 09:16:43.286000','Washington DC','Los Angeles',1),(372,7,'2017-10-06 13:15:29.207000','2017-10-06 15:15:29.207000','New York','Atlanta',7),(373,9,'2017-03-04 01:28:23.982000','2017-03-04 03:28:23.982000','Atlanta','Chicago',9),(374,13,'2017-01-26 09:07:09.912000','2017-01-26 11:07:09.912000','Chicago','Washington DC',13),(375,4,'2017-04-19 06:56:53.980000','2017-04-19 08:56:53.980000','Chicago','Los Angeles',4),(376,1,'2017-07-11 04:48:30.508000','2017-07-11 06:48:30.508000','Chicago','Washington DC',1),(377,8,'2017-01-22 19:22:55.901000','2017-01-22 21:22:55.901000','Atlanta','Washington DC',8),(378,13,'2017-01-07 06:06:32.879000','2017-01-07 08:06:32.879000','New York','Atlanta',13),(379,15,'2017-05-06 08:05:38.930000','2017-05-06 10:05:38.930000','New York','Los Angeles',15),(380,1,'2017-03-28 14:39:59.167000','2017-03-28 16:39:59.167000','Chicago','New York',1),(381,11,'2017-04-20 19:18:17.115000','2017-04-20 21:18:17.115000','Los Angeles','Atlanta',11),(382,10,'2017-02-02 09:23:59.539000','2017-02-02 11:23:59.539000','Washington DC','Chicago',10),(383,4,'2017-12-26 08:03:19.889000','2017-12-26 10:03:19.889000','Los Angeles','New York',4),(384,14,'2017-10-30 21:03:36.695000','2017-10-30 23:03:36.695000','Chicago','Atlanta',14),(385,9,'2017-11-13 15:13:51.841000','2017-11-13 17:13:51.841000','Chicago','New York',9),(386,9,'2017-04-22 07:06:17.803000','2017-04-22 09:06:17.803000','Atlanta','Washington DC',9),(387,14,'2017-02-11 04:02:40.284000','2017-02-11 06:02:40.284000','Atlanta','Washington DC',14),(388,13,'2017-03-09 18:33:42.226000','2017-03-09 20:33:42.226000','Los Angeles','Washington DC',13),(389,15,'2017-12-16 19:48:33.197000','2017-12-16 21:48:33.197000','New York','Atlanta',15),(390,11,'2017-04-10 16:56:49.254000','2017-04-10 18:56:49.254000','Los Angeles','Washington DC',11),(391,15,'2017-09-05 09:08:33.648000','2017-09-05 11:08:33.648000','New York','Washington DC',15),(392,4,'2017-03-15 02:08:49.528000','2017-03-15 04:08:49.528000','Atlanta','New York',4),(393,13,'2017-02-19 12:39:28.511000','2017-02-19 14:39:28.511000','New York','Los Angeles',13),(394,13,'2017-09-15 03:28:57.499000','2017-09-15 05:28:57.499000','New York','Washington DC',13),(395,16,'2017-02-26 23:22:59.311000','2017-02-27 01:22:59.311000','Los Angeles','Atlanta',16),(396,8,'2017-11-25 08:29:27.231000','2017-11-25 10:29:27.231000','Los Angeles','Chicago',8),(397,2,'2017-07-09 17:21:08.603000','2017-07-09 19:21:08.603000','Washington DC','New York',2),(398,3,'2017-05-14 04:06:22.041000','2017-05-14 06:06:22.041000','New York','Washington DC',3),(399,6,'2017-09-01 10:31:40.104000','2017-09-01 12:31:40.104000','Atlanta','Chicago',6),(400,1,'2017-10-16 01:17:12.128000','2017-10-16 03:17:12.128000','New York','Chicago',1),(401,9,'2017-07-05 20:49:55.320000','2017-07-05 22:49:55.320000','Los Angeles','New York',9),(402,11,'2017-07-19 19:05:54.667000','2017-07-19 21:05:54.667000','Los Angeles','Washington DC',11),(403,12,'2017-12-09 13:22:41.675000','2017-12-09 15:22:41.675000','Atlanta','Los Angeles',12),(404,7,'2017-05-16 17:45:55.276000','2017-05-16 19:45:55.276000','Chicago','Atlanta',7),(405,2,'2017-09-20 23:25:23.653000','2017-09-21 01:25:23.653000','Los Angeles','New York',2),(406,9,'2017-05-30 16:32:15.232000','2017-05-30 18:32:15.232000','Washington DC','New York',9),(407,11,'2017-01-16 08:42:00.604000','2017-01-16 10:42:00.604000','Los Angeles','Atlanta',11),(408,11,'2017-09-09 23:32:35.556000','2017-09-10 01:32:35.556000','Chicago','New York',11),(409,16,'2017-08-29 08:56:41.410000','2017-08-29 10:56:41.410000','Washington DC','Chicago',16),(410,6,'2017-04-11 12:00:03.987000','2017-04-11 14:00:03.987000','Los Angeles','Atlanta',6),(411,12,'2017-09-11 11:41:31.444000','2017-09-11 13:41:31.444000','Atlanta','New York',12),(412,4,'2017-10-01 12:29:20.449000','2017-10-01 14:29:20.449000','Atlanta','Chicago',4),(413,9,'2017-08-26 21:25:56.093000','2017-08-26 23:25:56.093000','Atlanta','Chicago',9),(414,14,'2017-07-25 07:53:17.945000','2017-07-25 09:53:17.945000','Washington DC','New York',14),(415,5,'2017-08-19 00:15:08.273000','2017-08-19 02:15:08.273000','Atlanta','Los Angeles',5),(416,15,'2017-11-15 15:17:22.203000','2017-11-15 17:17:22.203000','Washington DC','New York',15),(417,8,'2017-03-01 21:28:20.432000','2017-03-01 23:28:20.432000','New York','Atlanta',8),(418,8,'2017-02-19 19:11:53.917000','2017-02-19 21:11:53.917000','Atlanta','New York',8),(419,10,'2017-01-13 13:13:58.224000','2017-01-13 15:13:58.224000','Chicago','Washington DC',10),(420,10,'2017-06-15 19:16:59.826000','2017-06-15 21:16:59.826000','Chicago','Washington DC',10),(421,14,'2017-06-26 02:39:53.673000','2017-06-26 04:39:53.673000','Chicago','New York',14),(422,16,'2017-08-28 07:44:00.175000','2017-08-28 09:44:00.175000','Atlanta','Chicago',16),(423,3,'2017-09-03 02:47:04.791000','2017-09-03 04:47:04.791000','Atlanta','Los Angeles',3),(424,7,'2017-01-04 08:50:01.444000','2017-01-04 10:50:01.444000','Los Angeles','New York',7),(425,11,'2017-02-27 12:51:57.314000','2017-02-27 14:51:57.314000','Los Angeles','Atlanta',11),(426,16,'2017-01-12 12:20:45.043000','2017-01-12 14:20:45.043000','Los Angeles','New York',16),(427,12,'2017-09-05 23:00:39.307000','2017-09-06 01:00:39.307000','Atlanta','New York',12),(428,5,'2017-03-03 08:39:40.429000','2017-03-03 10:39:40.429000','Los Angeles','New York',5),(429,10,'2017-04-01 10:48:29.471000','2017-04-01 12:48:29.471000','Los Angeles','New York',10),(430,15,'2017-02-15 12:58:32.029000','2017-02-15 14:58:32.029000','Chicago','Atlanta',15),(431,1,'2017-04-17 04:44:56.986000','2017-04-17 06:44:56.986000','New York','Chicago',1),(432,7,'2017-01-10 11:57:54.206000','2017-01-10 13:57:54.206000','New York','Los Angeles',7),(433,16,'2017-08-24 03:11:37.604000','2017-08-24 05:11:37.604000','Los Angeles','Atlanta',16),(434,11,'2017-09-19 12:10:54.769000','2017-09-19 14:10:54.769000','Los Angeles','New York',11),(435,1,'2017-01-20 07:18:17.210000','2017-01-20 09:18:17.210000','New York','Atlanta',1),(436,10,'2017-04-05 15:56:45.132000','2017-04-05 17:56:45.132000','Washington DC','Los Angeles',10),(437,12,'2017-03-28 14:00:13.562000','2017-03-28 16:00:13.562000','New York','Los Angeles',12),(438,6,'2017-02-08 16:05:57.023000','2017-02-08 18:05:57.023000','New York','Atlanta',6),(439,11,'2017-03-04 12:50:24.923000','2017-03-04 14:50:24.923000','Chicago','Atlanta',11),(440,8,'2017-08-02 16:55:12.896000','2017-08-02 18:55:12.896000','Los Angeles','Chicago',8),(441,16,'2017-08-31 16:19:29.001000','2017-08-31 18:19:29.001000','Chicago','New York',16),(442,16,'2017-10-31 22:58:32.958000','2017-11-01 00:58:32.958000','New York','Atlanta',16),(443,2,'2017-09-04 04:07:02.664000','2017-09-04 06:07:02.664000','Los Angeles','New York',2),(444,9,'2017-05-24 05:46:06.841000','2017-05-24 07:46:06.841000','Los Angeles','Washington DC',9),(445,15,'2017-10-15 22:55:50.084000','2017-10-16 00:55:50.084000','Chicago','Washington DC',15),(446,14,'2017-10-24 02:12:52.058000','2017-10-24 04:12:52.058000','Washington DC','Chicago',14),(447,11,'2017-01-11 19:57:18.271000','2017-01-11 21:57:18.271000','Chicago','Washington DC',11),(448,8,'2017-11-02 20:10:23.723000','2017-11-02 22:10:23.723000','Los Angeles','Atlanta',8),(449,14,'2017-09-23 16:43:36.360000','2017-09-23 18:43:36.360000','Atlanta','Washington DC',14),(450,9,'2017-06-12 21:57:50.109000','2017-06-12 23:57:50.109000','Atlanta','Los Angeles',9),(451,10,'2017-09-04 03:54:37.985000','2017-09-04 05:54:37.985000','Washington DC','Chicago',10),(452,4,'2017-05-06 21:49:18.209000','2017-05-06 23:49:18.209000','New York','Los Angeles',4),(453,13,'2017-07-18 09:37:23.846000','2017-07-18 11:37:23.846000','Chicago','Los Angeles',13),(454,2,'2017-07-01 03:38:25.279000','2017-07-01 05:38:25.279000','Atlanta','New York',2),(455,6,'2017-09-30 02:04:34.625000','2017-09-30 04:04:34.625000','Washington DC','Atlanta',6),(456,2,'2017-02-12 07:35:57.626000','2017-02-12 09:35:57.626000','Chicago','New York',2),(457,12,'2017-03-15 15:25:30.788000','2017-03-15 17:25:30.788000','New York','Los Angeles',12),(458,3,'2017-01-29 10:43:29.005000','2017-01-29 12:43:29.005000','Washington DC','Atlanta',3),(459,15,'2017-10-31 21:32:51.145000','2017-10-31 23:32:51.145000','Chicago','New York',15),(460,14,'2017-04-21 11:49:18.138000','2017-04-21 13:49:18.138000','Los Angeles','Chicago',14),(461,8,'2017-06-10 05:42:24.209000','2017-06-10 07:42:24.209000','Chicago','Atlanta',8),(462,8,'2017-08-04 21:04:40.450000','2017-08-04 23:04:40.450000','New York','Atlanta',8),(463,3,'2017-04-14 03:09:08.028000','2017-04-14 05:09:08.028000','Chicago','New York',3),(464,3,'2017-06-16 04:26:04.585000','2017-06-16 06:26:04.585000','Atlanta','Los Angeles',3),(465,7,'2017-07-27 09:18:17.479000','2017-07-27 11:18:17.479000','Chicago','New York',7),(466,13,'2017-06-03 19:09:05.403000','2017-06-03 21:09:05.403000','Washington DC','Chicago',13),(467,14,'2017-12-11 19:43:07.908000','2017-12-11 21:43:07.908000','Los Angeles','Washington DC',14),(468,9,'2017-02-26 21:50:28.186000','2017-02-26 23:50:28.186000','Washington DC','Los Angeles',9),(469,11,'2017-01-12 17:40:25.139000','2017-01-12 19:40:25.139000','Chicago','Washington DC',11),(470,1,'2017-11-13 17:22:23.003000','2017-11-13 19:22:23.003000','Washington DC','Atlanta',1),(471,8,'2017-09-21 18:22:40.213000','2017-09-21 20:22:40.213000','New York','Atlanta',8),(472,12,'2017-02-11 19:09:48.825000','2017-02-11 21:09:48.825000','Los Angeles','New York',12),(473,11,'2017-09-30 22:01:12.049000','2017-10-01 00:01:12.049000','New York','Washington DC',11),(474,8,'2017-03-18 17:11:13.942000','2017-03-18 19:11:13.942000','Los Angeles','Chicago',8),(475,9,'2017-06-21 08:57:35.677000','2017-06-21 10:57:35.677000','New York','Washington DC',9),(476,2,'2017-07-23 21:18:38.353000','2017-07-23 23:18:38.353000','Chicago','Atlanta',2),(477,5,'2017-11-29 07:08:11.736000','2017-11-29 09:08:11.736000','Washington DC','New York',5),(478,14,'2017-09-06 17:02:08.695000','2017-09-06 19:02:08.695000','Washington DC','New York',14),(479,3,'2017-02-03 00:59:52.712000','2017-02-03 02:59:52.712000','New York','Washington DC',3),(480,14,'2017-06-08 01:36:24.646000','2017-06-08 03:36:24.646000','New York','Los Angeles',14),(481,7,'2017-11-17 22:00:54.002000','2017-11-18 00:00:54.002000','Los Angeles','Atlanta',7),(482,12,'2017-12-03 02:22:00.070000','2017-12-03 04:22:00.070000','Atlanta','Washington DC',12),(483,14,'2017-09-12 23:13:14.654000','2017-09-13 01:13:14.654000','Washington DC','Atlanta',14),(484,14,'2017-10-13 08:30:19.023000','2017-10-13 10:30:19.023000','New York','Washington DC',14),(485,6,'2017-04-15 13:17:40.679000','2017-04-15 15:17:40.679000','New York','Chicago',6),(486,16,'2017-08-22 11:39:57.284000','2017-08-22 13:39:57.284000','Washington DC','Atlanta',16),(487,7,'2017-10-03 02:03:29.939000','2017-10-03 04:03:29.939000','New York','Chicago',7),(488,10,'2017-09-25 14:19:31.091000','2017-09-25 16:19:31.091000','Chicago','Atlanta',10),(489,3,'2017-04-08 22:25:58.423000','2017-04-09 00:25:58.423000','Washington DC','New York',3),(490,14,'2017-04-25 10:20:47.825000','2017-04-25 12:20:47.825000','Los Angeles','New York',14),(491,5,'2017-12-17 16:20:51.103000','2017-12-17 18:20:51.103000','New York','Los Angeles',5),(492,16,'2017-08-13 09:09:43.302000','2017-08-13 11:09:43.302000','New York','Atlanta',16),(493,1,'2017-01-05 10:41:50.261000','2017-01-05 12:41:50.261000','Los Angeles','Chicago',1),(494,7,'2017-04-15 11:38:11.911000','2017-04-15 13:38:11.911000','Atlanta','Washington DC',7),(495,6,'2017-08-06 04:58:13.831000','2017-08-06 06:58:13.831000','Washington DC','New York',6),(496,16,'2017-02-12 09:13:36.479000','2017-02-12 11:13:36.479000','Chicago','Los Angeles',16),(497,15,'2017-05-26 16:05:59.440000','2017-05-26 18:05:59.440000','Washington DC','Chicago',15),(498,5,'2017-12-13 09:23:00.790000','2017-12-13 11:23:00.790000','Los Angeles','Atlanta',5),(499,8,'2017-07-26 16:27:07.166000','2017-07-26 18:27:07.166000','Los Angeles','Atlanta',8),(500,9,'2017-11-05 01:33:41.457000','2017-11-05 03:33:41.457000','Washington DC','Los Angeles',9),(501,5,'2017-08-23 19:29:50.032000','2017-08-23 21:29:50.032000','Chicago','Atlanta',5),(502,15,'2017-08-11 22:12:01.232000','2017-08-12 00:12:01.232000','New York','Washington DC',15),(503,14,'2017-03-29 08:46:12.076000','2017-03-29 10:46:12.076000','Washington DC','New York',14),(504,2,'2017-04-23 23:20:45.351000','2017-04-24 01:20:45.351000','Los Angeles','Washington DC',2),(505,12,'2017-03-23 07:48:43.030000','2017-03-23 09:48:43.030000','Washington DC','New York',12),(506,7,'2017-03-26 01:57:36.088000','2017-03-26 03:57:36.088000','New York','Washington DC',7),(507,14,'2017-06-29 21:58:39.434000','2017-06-29 23:58:39.434000','Los Angeles','Atlanta',14),(508,8,'2017-02-02 11:32:17.078000','2017-02-02 13:32:17.078000','Chicago','Los Angeles',8),(509,10,'2017-04-20 07:57:25.962000','2017-04-20 09:57:25.962000','Chicago','New York',10),(510,5,'2017-06-30 23:05:08.481000','2017-07-01 01:05:08.481000','Los Angeles','Chicago',5),(511,14,'2017-01-04 16:10:55.159000','2017-01-04 18:10:55.159000','Washington DC','Los Angeles',14),(512,10,'2017-12-25 08:05:50.624000','2017-12-25 10:05:50.624000','Chicago','Atlanta',10),(513,13,'2017-02-07 03:25:48.125000','2017-02-07 05:25:48.125000','Los Angeles','Chicago',13),(514,9,'2017-07-27 12:35:55.417000','2017-07-27 14:35:55.417000','New York','Atlanta',9),(515,8,'2017-01-26 15:29:21.424000','2017-01-26 17:29:21.424000','New York','Atlanta',8),(516,4,'2017-12-23 10:37:52.849000','2017-12-23 12:37:52.849000','Atlanta','Chicago',4),(517,16,'2017-05-16 09:49:01.547000','2017-05-16 11:49:01.547000','Los Angeles','New York',16),(518,1,'2017-05-26 02:06:05.226000','2017-05-26 04:06:05.226000','New York','Washington DC',1),(519,14,'2017-06-13 21:31:24.919000','2017-06-13 23:31:24.919000','Chicago','Washington DC',14),(520,3,'2017-02-21 00:51:14.382000','2017-02-21 02:51:14.382000','Atlanta','Washington DC',3),(521,2,'2017-02-15 16:33:28.191000','2017-02-15 18:33:28.191000','Atlanta','Los Angeles',2),(522,2,'2017-09-27 12:45:03.998000','2017-09-27 14:45:03.998000','Los Angeles','Chicago',2),(523,15,'2017-02-11 23:54:43.817000','2017-02-12 01:54:43.817000','Washington DC','New York',15),(524,10,'2017-12-29 01:05:48.899000','2017-12-29 03:05:48.899000','New York','Atlanta',10),(525,3,'2017-06-01 02:02:23.167000','2017-06-01 04:02:23.167000','Washington DC','Atlanta',3),(526,11,'2017-11-16 03:21:55.160000','2017-11-16 05:21:55.160000','New York','Chicago',11),(527,7,'2017-07-10 18:22:30.579000','2017-07-10 20:22:30.579000','New York','Los Angeles',7),(528,9,'2017-07-01 06:20:22.357000','2017-07-01 08:20:22.357000','Los Angeles','New York',9),(529,10,'2017-09-13 07:05:35.732000','2017-09-13 09:05:35.732000','Los Angeles','Atlanta',10),(530,7,'2017-07-17 20:30:58.824000','2017-07-17 22:30:58.824000','Washington DC','Chicago',7),(531,1,'2017-04-16 21:59:52.516000','2017-04-16 23:59:52.516000','Los Angeles','Atlanta',1),(532,1,'2017-06-09 19:50:18.118000','2017-06-09 21:50:18.118000','Los Angeles','New York',1),(533,8,'2017-09-28 02:29:27.552000','2017-09-28 04:29:27.552000','Chicago','Washington DC',8),(534,13,'2017-10-14 06:27:17.962000','2017-10-14 08:27:17.962000','Chicago','Los Angeles',13),(535,15,'2017-11-12 02:45:55.173000','2017-11-12 04:45:55.173000','Los Angeles','Chicago',15),(536,8,'2017-01-05 23:20:00.748000','2017-01-06 01:20:00.748000','Los Angeles','Atlanta',8),(537,6,'2017-08-09 01:36:43.560000','2017-08-09 03:36:43.560000','Washington DC','Atlanta',6),(538,8,'2017-04-16 03:53:32.692000','2017-04-16 05:53:32.692000','Washington DC','Chicago',8),(539,11,'2017-08-26 01:17:23.614000','2017-08-26 03:17:23.614000','Washington DC','Atlanta',11),(540,11,'2017-05-06 13:33:36.948000','2017-05-06 15:33:36.948000','Los Angeles','Washington DC',11),(541,16,'2017-07-13 20:23:05.850000','2017-07-13 22:23:05.850000','Los Angeles','Washington DC',16),(542,7,'2017-03-21 01:01:10.994000','2017-03-21 03:01:10.994000','Washington DC','Atlanta',7),(543,9,'2017-09-08 10:29:09.484000','2017-09-08 12:29:09.484000','Chicago','Washington DC',9),(544,11,'2017-12-03 23:33:30.849000','2017-12-04 01:33:30.849000','Chicago','Los Angeles',11),(545,2,'2017-11-28 18:21:15.674000','2017-11-28 20:21:15.674000','Chicago','Los Angeles',2),(546,5,'2017-10-12 02:42:01.213000','2017-10-12 04:42:01.213000','Washington DC','Atlanta',5),(547,9,'2017-08-17 00:41:10.115000','2017-08-17 02:41:10.115000','Chicago','Atlanta',9),(548,13,'2017-04-27 19:27:19.062000','2017-04-27 21:27:19.062000','Atlanta','Los Angeles',13),(549,1,'2017-07-05 00:52:24.860000','2017-07-05 02:52:24.860000','Washington DC','Atlanta',1),(550,2,'2017-07-07 17:03:43.159000','2017-07-07 19:03:43.159000','Atlanta','Chicago',2),(551,6,'2017-03-19 13:37:49.182000','2017-03-19 15:37:49.182000','Atlanta','Los Angeles',6),(552,2,'2017-12-20 02:14:14.721000','2017-12-20 04:14:14.721000','Chicago','Los Angeles',2),(553,4,'2017-06-28 15:35:32.107000','2017-06-28 17:35:32.107000','Washington DC','New York',4),(554,9,'2017-10-07 19:51:50.623000','2017-10-07 21:51:50.623000','Chicago','Atlanta',9),(555,11,'2017-12-05 10:31:15.962000','2017-12-05 12:31:15.962000','Washington DC','Atlanta',11),(556,9,'2017-08-11 14:10:31.651000','2017-08-11 16:10:31.651000','Atlanta','Washington DC',9),(557,2,'2017-06-22 06:01:26.120000','2017-06-22 08:01:26.120000','Chicago','Atlanta',2),(558,14,'2017-12-19 23:06:57.664000','2017-12-20 01:06:57.664000','Los Angeles','Atlanta',14),(559,1,'2017-09-27 14:21:26.080000','2017-09-27 16:21:26.080000','New York','Los Angeles',1),(560,7,'2017-08-30 14:42:15.441000','2017-08-30 16:42:15.441000','Los Angeles','New York',7),(561,11,'2017-12-23 16:19:58.974000','2017-12-23 18:19:58.974000','New York','Chicago',11),(562,15,'2017-01-28 09:36:28.841000','2017-01-28 11:36:28.841000','Chicago','New York',15),(563,3,'2017-02-15 19:48:43.543000','2017-02-15 21:48:43.543000','Washington DC','New York',3),(564,4,'2017-11-20 16:29:01.944000','2017-11-20 18:29:01.944000','Atlanta','New York',4),(565,6,'2017-04-09 04:04:37.544000','2017-04-09 06:04:37.544000','Los Angeles','New York',6),(566,10,'2017-12-26 12:28:41.858000','2017-12-26 14:28:41.858000','Los Angeles','Atlanta',10),(567,7,'2017-09-17 17:55:13.966000','2017-09-17 19:55:13.966000','Los Angeles','Washington DC',7),(568,13,'2017-10-18 17:42:12.732000','2017-10-18 19:42:12.732000','Los Angeles','Washington DC',13),(569,12,'2017-06-03 16:51:01.730000','2017-06-03 18:51:01.730000','Washington DC','Chicago',12),(570,16,'2017-11-05 17:54:01.416000','2017-11-05 19:54:01.416000','New York','Washington DC',16),(571,6,'2017-11-06 01:46:44.549000','2017-11-06 03:46:44.549000','Washington DC','Chicago',6),(572,6,'2017-07-19 19:49:09.218000','2017-07-19 21:49:09.218000','New York','Atlanta',6),(573,12,'2017-12-13 18:31:15.873000','2017-12-13 20:31:15.873000','Chicago','Los Angeles',12),(574,11,'2017-11-08 05:26:05.813000','2017-11-08 07:26:05.813000','New York','Washington DC',11),(575,13,'2017-05-25 19:47:08.612000','2017-05-25 21:47:08.612000','Washington DC','Atlanta',13),(576,7,'2017-07-16 18:02:57.429000','2017-07-16 20:02:57.429000','Los Angeles','New York',7),(577,15,'2017-12-27 07:15:01.565000','2017-12-27 09:15:01.565000','New York','Los Angeles',15),(578,14,'2017-08-26 07:41:22.994000','2017-08-26 09:41:22.994000','Los Angeles','Washington DC',14),(579,12,'2017-11-27 20:19:46.495000','2017-11-27 22:19:46.495000','Chicago','Washington DC',12),(580,4,'2017-07-10 01:25:14.399000','2017-07-10 03:25:14.399000','Atlanta','New York',4),(581,11,'2017-03-26 01:51:00.340000','2017-03-26 03:51:00.340000','New York','Chicago',11),(582,14,'2017-05-26 09:27:33.180000','2017-05-26 11:27:33.180000','Washington DC','New York',14),(583,1,'2017-01-14 13:49:25.928000','2017-01-14 15:49:25.928000','New York','Chicago',1),(584,7,'2017-10-10 22:45:37.855000','2017-10-11 00:45:37.855000','Los Angeles','Washington DC',7),(585,10,'2017-06-20 17:22:43.315000','2017-06-20 19:22:43.315000','Los Angeles','New York',10),(586,5,'2017-05-09 13:44:46.680000','2017-05-09 15:44:46.680000','Atlanta','Los Angeles',5),(587,15,'2017-10-09 11:34:13.941000','2017-10-09 13:34:13.941000','Washington DC','Los Angeles',15),(588,1,'2017-11-18 15:05:42.737000','2017-11-18 17:05:42.737000','Chicago','Los Angeles',1),(589,11,'2017-06-23 18:19:43.091000','2017-06-23 20:19:43.091000','Los Angeles','Chicago',11),(590,8,'2017-02-23 12:26:18.277000','2017-02-23 14:26:18.277000','Washington DC','Chicago',8),(591,8,'2017-08-06 20:01:05.441000','2017-08-06 22:01:05.441000','New York','Washington DC',8),(592,5,'2017-08-12 00:35:37.574000','2017-08-12 02:35:37.574000','Atlanta','Los Angeles',5),(593,9,'2017-06-07 12:31:43.962000','2017-06-07 14:31:43.962000','New York','Washington DC',9),(594,3,'2017-01-03 08:50:16.519000','2017-01-03 10:50:16.519000','Chicago','Atlanta',3),(595,15,'2017-03-01 22:37:13.679000','2017-03-02 00:37:13.679000','Los Angeles','Chicago',15),(596,12,'2017-10-07 12:33:26.248000','2017-10-07 14:33:26.248000','Washington DC','Chicago',12),(597,3,'2017-11-09 09:52:49.941000','2017-11-09 11:52:49.941000','Washington DC','Atlanta',3),(598,6,'2017-10-20 05:31:20.211000','2017-10-20 07:31:20.211000','Los Angeles','Chicago',6),(599,9,'2017-06-19 13:53:35.002000','2017-06-19 15:53:35.002000','Washington DC','Atlanta',9),(600,14,'2017-02-23 19:18:20.650000','2017-02-23 21:18:20.650000','Chicago','Washington DC',14),(601,7,'2017-04-12 01:46:23.789000','2017-04-12 03:46:23.789000','Washington DC','Los Angeles',7),(602,6,'2017-03-14 03:44:11.795000','2017-03-14 05:44:11.795000','Washington DC','New York',6),(603,8,'2017-10-05 02:46:04.542000','2017-10-05 04:46:04.542000','Washington DC','New York',8),(604,8,'2017-05-13 19:44:27.767000','2017-05-13 21:44:27.767000','New York','Atlanta',8),(605,7,'2017-05-20 18:38:25.225000','2017-05-20 20:38:25.225000','Los Angeles','Atlanta',7),(606,4,'2017-02-18 12:19:58.833000','2017-02-18 14:19:58.833000','New York','Los Angeles',4),(607,13,'2017-09-15 02:28:57.612000','2017-09-15 04:28:57.612000','Chicago','Washington DC',13),(608,2,'2017-12-11 19:57:09.725000','2017-12-11 21:57:09.725000','Washington DC','Chicago',2),(609,3,'2017-07-20 03:11:33.688000','2017-07-20 05:11:33.688000','Los Angeles','Atlanta',3),(610,4,'2017-07-21 14:40:04.868000','2017-07-21 16:40:04.868000','Los Angeles','Atlanta',4),(611,9,'2017-03-27 21:19:55.727000','2017-03-27 23:19:55.727000','Los Angeles','Atlanta',9),(612,12,'2017-01-06 20:53:50.703000','2017-01-06 22:53:50.703000','New York','Los Angeles',12),(613,1,'2017-12-05 02:12:11.760000','2017-12-05 04:12:11.760000','Atlanta','Chicago',1),(614,13,'2017-08-03 23:02:53.885000','2017-08-04 01:02:53.885000','Los Angeles','New York',13),(615,15,'2017-10-04 07:55:56.937000','2017-10-04 09:55:56.937000','Washington DC','New York',15),(616,4,'2017-10-30 17:36:18.288000','2017-10-30 19:36:18.288000','Atlanta','Los Angeles',4),(617,1,'2017-03-27 16:48:37.199000','2017-03-27 18:48:37.199000','Washington DC','Atlanta',1),(618,15,'2017-05-15 12:36:59.135000','2017-05-15 14:36:59.135000','Washington DC','Chicago',15),(619,16,'2017-02-16 16:35:19.682000','2017-02-16 18:35:19.682000','Washington DC','New York',16),(620,4,'2017-09-05 10:13:37.511000','2017-09-05 12:13:37.511000','New York','Los Angeles',4),(621,13,'2017-07-10 22:49:33.308000','2017-07-11 00:49:33.308000','Atlanta','Chicago',13),(622,16,'2017-04-02 05:28:42.055000','2017-04-02 07:28:42.055000','Washington DC','New York',16),(623,6,'2017-09-02 00:56:05.466000','2017-09-02 02:56:05.466000','Los Angeles','Chicago',6),(624,4,'2017-11-22 05:24:20.963000','2017-11-22 07:24:20.963000','Atlanta','New York',4),(625,3,'2017-12-10 09:21:20.063000','2017-12-10 11:21:20.063000','Los Angeles','Washington DC',3),(626,6,'2017-07-27 20:20:55.159000','2017-07-27 22:20:55.159000','Los Angeles','Atlanta',6),(627,5,'2017-04-13 17:02:06.953000','2017-04-13 19:02:06.953000','New York','Washington DC',5),(628,13,'2017-04-13 16:22:33.719000','2017-04-13 18:22:33.719000','Washington DC','Atlanta',13),(629,1,'2017-06-22 21:57:58.807000','2017-06-22 23:57:58.807000','Atlanta','Los Angeles',1),(630,6,'2017-11-27 06:28:03.389000','2017-11-27 08:28:03.389000','Washington DC','New York',6),(631,5,'2017-03-26 13:18:32.113000','2017-03-26 15:18:32.113000','Los Angeles','Chicago',5),(632,15,'2017-11-17 15:31:51.234000','2017-11-17 17:31:51.234000','New York','Washington DC',15),(633,11,'2017-02-25 20:14:53.588000','2017-02-25 22:14:53.588000','Los Angeles','Washington DC',11),(634,12,'2017-06-16 20:27:07.565000','2017-06-16 22:27:07.565000','Chicago','Los Angeles',12),(635,8,'2017-11-02 09:54:15.214000','2017-11-02 11:54:15.214000','New York','Chicago',8),(636,12,'2017-09-24 00:41:56.229000','2017-09-24 02:41:56.229000','Washington DC','Atlanta',12),(637,6,'2017-02-04 13:27:51.273000','2017-02-04 15:27:51.273000','New York','Washington DC',6),(638,5,'2017-05-25 09:25:23.081000','2017-05-25 11:25:23.081000','Atlanta','Chicago',5),(639,10,'2017-08-22 09:46:22.205000','2017-08-22 11:46:22.205000','Atlanta','Los Angeles',10),(640,3,'2017-05-05 04:29:45.514000','2017-05-05 06:29:45.514000','Atlanta','Los Angeles',3),(641,15,'2017-12-15 15:56:33.159000','2017-12-15 17:56:33.159000','Chicago','New York',15),(642,16,'2017-12-10 22:19:53.971000','2017-12-11 00:19:53.971000','Los Angeles','Chicago',16),(643,11,'2017-01-10 18:11:12.777000','2017-01-10 20:11:12.777000','Atlanta','Washington DC',11),(644,4,'2017-08-08 05:45:45.133000','2017-08-08 07:45:45.133000','Los Angeles','Chicago',4),(645,7,'2017-02-14 19:20:05.101000','2017-02-14 21:20:05.101000','Los Angeles','New York',7),(646,5,'2017-06-27 07:53:02.227000','2017-06-27 09:53:02.227000','Washington DC','Los Angeles',5),(647,15,'2017-07-15 20:40:23.759000','2017-07-15 22:40:23.759000','New York','Washington DC',15),(648,12,'2017-03-04 07:15:22.892000','2017-03-04 09:15:22.892000','Chicago','Los Angeles',12),(649,1,'2017-12-20 04:10:27.301000','2017-12-20 06:10:27.301000','Atlanta','Chicago',1),(650,12,'2017-03-31 03:12:58.905000','2017-03-31 05:12:58.905000','Chicago','Washington DC',12),(651,10,'2017-03-26 04:51:31.380000','2017-03-26 06:51:31.380000','Washington DC','Los Angeles',10),(652,2,'2017-10-11 04:04:48.329000','2017-10-11 06:04:48.329000','Chicago','Washington DC',2),(653,6,'2017-02-09 16:35:26.483000','2017-02-09 18:35:26.483000','Atlanta','Chicago',6),(654,7,'2017-12-01 02:19:10.814000','2017-12-01 04:19:10.814000','Atlanta','New York',7),(655,10,'2017-07-18 02:56:02.445000','2017-07-18 04:56:02.445000','Los Angeles','Chicago',10),(656,11,'2017-06-20 19:45:19.085000','2017-06-20 21:45:19.085000','Chicago','Atlanta',11),(657,13,'2017-05-01 00:19:54.181000','2017-05-01 02:19:54.181000','Chicago','Washington DC',13),(658,1,'2017-03-21 16:23:47.536000','2017-03-21 18:23:47.536000','Chicago','Los Angeles',1),(659,3,'2017-02-01 07:24:48.142000','2017-02-01 09:24:48.142000','Atlanta','Chicago',3),(660,7,'2017-07-18 20:57:56.067000','2017-07-18 22:57:56.067000','Atlanta','Los Angeles',7),(661,6,'2017-04-30 02:55:08.844000','2017-04-30 04:55:08.844000','New York','Washington DC',6),(662,7,'2017-06-01 05:55:03.156000','2017-06-01 07:55:03.156000','Chicago','New York',7),(663,5,'2017-08-27 19:44:17.050000','2017-08-27 21:44:17.050000','Atlanta','New York',5),(664,6,'2017-10-30 04:29:14.936000','2017-10-30 06:29:14.936000','Los Angeles','Chicago',6),(665,8,'2017-12-21 09:40:41.684000','2017-12-21 11:40:41.684000','Chicago','Atlanta',8),(666,15,'2017-10-31 08:31:52.532000','2017-10-31 10:31:52.532000','Los Angeles','Chicago',15),(667,11,'2017-07-29 06:23:17.053000','2017-07-29 08:23:17.053000','Washington DC','Atlanta',11),(668,15,'2017-12-09 22:20:55.395000','2017-12-10 00:20:55.395000','New York','Los Angeles',15),(669,8,'2017-01-06 19:54:33.583000','2017-01-06 21:54:33.583000','Los Angeles','Washington DC',8),(670,3,'2017-10-09 04:12:02.453000','2017-10-09 06:12:02.453000','New York','Chicago',3),(671,4,'2017-02-10 08:51:31.621000','2017-02-10 10:51:31.621000','Chicago','Atlanta',4),(672,9,'2017-06-25 08:10:52.595000','2017-06-25 10:10:52.595000','New York','Atlanta',9),(673,2,'2017-08-10 01:21:50.480000','2017-08-10 03:21:50.480000','Chicago','New York',2),(674,2,'2017-06-10 08:45:41.601000','2017-06-10 10:45:41.601000','Los Angeles','New York',2),(675,3,'2017-05-18 18:33:52.303000','2017-05-18 20:33:52.303000','New York','Atlanta',3),(676,16,'2017-05-04 18:41:18.609000','2017-05-04 20:41:18.609000','Atlanta','New York',16),(677,3,'2017-12-29 13:12:32.473000','2017-12-29 15:12:32.473000','Chicago','New York',3),(678,14,'2017-04-26 23:53:05.958000','2017-04-27 01:53:05.958000','New York','Atlanta',14),(679,5,'2017-08-03 17:05:55.757000','2017-08-03 19:05:55.757000','Atlanta','Chicago',5),(680,10,'2017-11-26 06:47:03.719000','2017-11-26 08:47:03.719000','New York','Atlanta',10),(681,1,'2017-01-16 17:54:12.282000','2017-01-16 19:54:12.282000','New York','Washington DC',1),(682,12,'2017-11-01 22:15:04.612000','2017-11-02 00:15:04.612000','Atlanta','Los Angeles',12),(683,1,'2017-12-16 03:16:52.014000','2017-12-16 05:16:52.014000','New York','Chicago',1),(684,16,'2017-07-29 00:16:34.973000','2017-07-29 02:16:34.973000','New York','Atlanta',16),(685,15,'2017-12-17 18:03:12.377000','2017-12-17 20:03:12.377000','Chicago','New York',15),(686,8,'2017-05-15 08:23:59.579000','2017-05-15 10:23:59.579000','Washington DC','Los Angeles',8),(687,4,'2017-11-12 08:58:23.508000','2017-11-12 10:58:23.508000','Chicago','Washington DC',4),(688,3,'2017-10-30 15:36:25.388000','2017-10-30 17:36:25.388000','Washington DC','Chicago',3),(689,2,'2017-11-02 22:26:22.455000','2017-11-03 00:26:22.455000','Los Angeles','New York',2),(690,3,'2017-04-23 21:32:37.891000','2017-04-23 23:32:37.891000','Washington DC','Chicago',3),(691,16,'2017-02-12 22:55:22.104000','2017-02-13 00:55:22.104000','Chicago','Los Angeles',16),(692,2,'2017-02-07 05:51:10.336000','2017-02-07 07:51:10.336000','Atlanta','Washington DC',2),(693,7,'2017-01-06 19:33:51.077000','2017-01-06 21:33:51.077000','Atlanta','Chicago',7),(694,8,'2017-06-23 22:19:56.429000','2017-06-24 00:19:56.429000','New York','Los Angeles',8),(695,5,'2017-04-09 10:02:43.982000','2017-04-09 12:02:43.982000','Chicago','Washington DC',5),(696,7,'2017-10-07 11:49:15.663000','2017-10-07 13:49:15.663000','Atlanta','Washington DC',7),(697,5,'2017-05-31 04:21:26.892000','2017-05-31 06:21:26.892000','New York','Chicago',5),(698,13,'2017-02-12 20:58:14.063000','2017-02-12 22:58:14.063000','Atlanta','Washington DC',13),(699,11,'2017-01-06 11:20:23.470000','2017-01-06 13:20:23.470000','Los Angeles','Atlanta',11),(700,16,'2017-12-25 12:02:27.301000','2017-12-25 14:02:27.301000','New York','Washington DC',16),(701,14,'2017-03-16 11:54:37.613000','2017-03-16 13:54:37.613000','Los Angeles','Chicago',14),(702,1,'2017-07-31 23:54:05.571000','2017-08-01 01:54:05.571000','New York','Atlanta',1),(703,15,'2017-07-28 20:30:05.469000','2017-07-28 22:30:05.469000','New York','Los Angeles',15),(704,9,'2017-06-07 15:53:17.378000','2017-06-07 17:53:17.378000','Washington DC','Chicago',9),(705,6,'2017-01-15 05:46:52.753000','2017-01-15 07:46:52.753000','Atlanta','Chicago',6),(706,8,'2017-02-17 09:15:05.574000','2017-02-17 11:15:05.574000','Washington DC','Chicago',8),(707,15,'2017-11-20 17:00:57.425000','2017-11-20 19:00:57.425000','New York','Los Angeles',15),(708,14,'2017-09-11 09:12:23.922000','2017-09-11 11:12:23.922000','Los Angeles','Washington DC',14),(709,11,'2017-03-03 05:56:40.970000','2017-03-03 07:56:40.970000','Los Angeles','Washington DC',11),(710,1,'2017-05-15 09:44:20.560000','2017-05-15 11:44:20.560000','New York','Los Angeles',1),(711,11,'2017-03-02 17:39:05.447000','2017-03-02 19:39:05.447000','Los Angeles','Atlanta',11),(712,6,'2017-10-05 10:48:00.439000','2017-10-05 12:48:00.439000','Washington DC','Chicago',6),(713,9,'2017-06-13 09:06:07.394000','2017-06-13 11:06:07.394000','Los Angeles','Washington DC',9),(714,4,'2017-07-26 15:18:18.780000','2017-07-26 17:18:18.780000','New York','Los Angeles',4),(715,16,'2017-12-19 08:24:56.422000','2017-12-19 10:24:56.422000','Los Angeles','Chicago',16),(716,12,'2017-01-15 14:35:59.111000','2017-01-15 16:35:59.111000','Washington DC','New York',12),(717,8,'2017-02-24 07:43:39.534000','2017-02-24 09:43:39.534000','Atlanta','New York',8),(718,16,'2017-06-11 05:02:05.510000','2017-06-11 07:02:05.510000','Los Angeles','Chicago',16),(719,14,'2017-08-20 13:25:56.983000','2017-08-20 15:25:56.983000','New York','Chicago',14),(720,2,'2017-05-13 12:59:02.554000','2017-05-13 14:59:02.554000','Washington DC','Los Angeles',2),(721,11,'2017-11-25 12:33:12.050000','2017-11-25 14:33:12.050000','Washington DC','Chicago',11),(722,1,'2017-01-21 07:25:33.076000','2017-01-21 09:25:33.076000','Atlanta','Chicago',1),(723,2,'2017-04-21 07:57:02.754000','2017-04-21 09:57:02.754000','Washington DC','New York',2),(724,9,'2017-09-09 07:47:59.727000','2017-09-09 09:47:59.727000','Chicago','Los Angeles',9),(725,2,'2017-12-09 00:39:50.063000','2017-12-09 02:39:50.063000','New York','Atlanta',2),(726,8,'2017-02-17 09:40:21.952000','2017-02-17 11:40:21.952000','Atlanta','Chicago',8),(727,14,'2017-02-08 03:45:02.714000','2017-02-08 05:45:02.714000','New York','Chicago',14),(728,12,'2017-08-01 04:10:26.877000','2017-08-01 06:10:26.877000','Los Angeles','Washington DC',12),(729,2,'2017-12-14 14:40:03.753000','2017-12-14 16:40:03.753000','New York','Washington DC',2),(730,2,'2017-06-14 11:33:50.607000','2017-06-14 13:33:50.607000','Washington DC','Atlanta',2),(731,12,'2017-07-10 05:26:41.050000','2017-07-10 07:26:41.050000','New York','Washington DC',12),(732,1,'2017-02-13 02:36:23.806000','2017-02-13 04:36:23.806000','Atlanta','Los Angeles',1),(733,8,'2017-07-24 06:33:05.693000','2017-07-24 08:33:05.693000','Atlanta','Chicago',8),(734,5,'2017-01-02 06:47:47.888000','2017-01-02 08:47:47.888000','Chicago','Washington DC',5),(735,12,'2017-12-14 19:58:56.825000','2017-12-14 21:58:56.825000','Atlanta','Los Angeles',12),(736,16,'2017-07-21 09:53:15.781000','2017-07-21 11:53:15.781000','Atlanta','Washington DC',16),(737,6,'2017-04-25 22:48:41.950000','2017-04-26 00:48:41.950000','Washington DC','Los Angeles',6),(738,5,'2017-02-22 19:38:51.126000','2017-02-22 21:38:51.126000','Atlanta','New York',5),(739,12,'2017-09-25 19:57:06.103000','2017-09-25 21:57:06.103000','Los Angeles','Atlanta',12),(740,3,'2017-12-08 17:26:45.343000','2017-12-08 19:26:45.343000','Los Angeles','Chicago',3),(741,4,'2017-09-23 05:48:55.887000','2017-09-23 07:48:55.887000','New York','Washington DC',4),(742,9,'2017-06-14 08:03:02.865000','2017-06-14 10:03:02.865000','Atlanta','Los Angeles',9),(743,14,'2017-10-15 18:09:38.176000','2017-10-15 20:09:38.176000','Atlanta','New York',14),(744,7,'2017-11-23 20:09:13.384000','2017-11-23 22:09:13.384000','Washington DC','Atlanta',7),(745,14,'2017-06-28 03:58:51.676000','2017-06-28 05:58:51.676000','Chicago','Washington DC',14),(746,3,'2017-10-17 16:41:49.484000','2017-10-17 18:41:49.484000','Los Angeles','New York',3),(747,12,'2017-01-30 04:41:37.248000','2017-01-30 06:41:37.248000','Atlanta','Washington DC',12),(748,14,'2017-12-06 02:19:09.810000','2017-12-06 04:19:09.810000','Washington DC','New York',14),(749,10,'2017-05-25 16:36:42.747000','2017-05-25 18:36:42.747000','Washington DC','Atlanta',10),(750,7,'2017-11-18 05:33:06.463000','2017-11-18 07:33:06.463000','Chicago','New York',7),(751,2,'2017-09-30 15:26:43.524000','2017-09-30 17:26:43.524000','Atlanta','Chicago',2),(752,4,'2017-12-15 22:31:05.184000','2017-12-16 00:31:05.184000','Atlanta','Chicago',4),(753,3,'2017-02-13 01:40:35.430000','2017-02-13 03:40:35.430000','Atlanta','New York',3),(754,10,'2017-09-16 23:27:37.117000','2017-09-17 01:27:37.117000','Atlanta','Los Angeles',10),(755,10,'2017-08-25 12:41:11.692000','2017-08-25 14:41:11.692000','Washington DC','Atlanta',10),(756,15,'2017-04-08 19:12:52.489000','2017-04-08 21:12:52.489000','New York','Atlanta',15),(757,9,'2017-12-11 10:09:19.807000','2017-12-11 12:09:19.807000','Los Angeles','New York',9),(758,2,'2017-05-24 03:01:05.221000','2017-05-24 05:01:05.221000','New York','Atlanta',2),(759,4,'2017-07-17 10:53:37.794000','2017-07-17 12:53:37.794000','New York','Atlanta',4),(760,12,'2017-09-15 14:43:20.627000','2017-09-15 16:43:20.627000','Atlanta','Los Angeles',12),(761,5,'2017-03-16 20:07:04.315000','2017-03-16 22:07:04.315000','Washington DC','New York',5),(762,1,'2017-04-29 04:47:50.257000','2017-04-29 06:47:50.257000','Atlanta','Los Angeles',1),(763,8,'2017-10-15 04:00:11.961000','2017-10-15 06:00:11.961000','Atlanta','Washington DC',8),(764,7,'2017-09-16 02:13:10.442000','2017-09-16 04:13:10.442000','Chicago','Los Angeles',7),(765,9,'2017-10-17 10:26:24.696000','2017-10-17 12:26:24.696000','New York','Chicago',9),(766,8,'2017-12-23 15:43:47.185000','2017-12-23 17:43:47.185000','Washington DC','New York',8),(767,12,'2017-10-26 15:04:22.149000','2017-10-26 17:04:22.149000','Atlanta','Washington DC',12),(768,1,'2017-09-24 19:17:42.523000','2017-09-24 21:17:42.523000','Los Angeles','Washington DC',1),(769,6,'2017-08-22 10:28:19.546000','2017-08-22 12:28:19.546000','Chicago','Washington DC',6),(770,8,'2017-06-22 23:47:34.898000','2017-06-23 01:47:34.898000','New York','Chicago',8),(771,16,'2017-12-29 16:47:47.168000','2017-12-29 18:47:47.168000','Washington DC','New York',16),(772,8,'2017-10-13 13:50:48.370000','2017-10-13 15:50:48.370000','Atlanta','New York',8),(773,5,'2017-07-05 23:19:30.750000','2017-07-06 01:19:30.750000','Chicago','New York',5),(774,1,'2017-08-18 07:41:51.496000','2017-08-18 09:41:51.496000','Chicago','New York',1),(775,8,'2017-09-24 04:24:49.100000','2017-09-24 06:24:49.100000','Los Angeles','Chicago',8),(776,3,'2017-12-09 18:18:24.350000','2017-12-09 20:18:24.350000','New York','Chicago',3),(777,6,'2017-09-16 23:58:03.403000','2017-09-17 01:58:03.403000','Atlanta','Washington DC',6),(778,15,'2017-06-15 06:56:48.653000','2017-06-15 08:56:48.653000','New York','Washington DC',15),(779,3,'2017-12-02 21:54:31.778000','2017-12-02 23:54:31.778000','Los Angeles','Chicago',3),(780,13,'2017-03-31 08:01:21.031000','2017-03-31 10:01:21.031000','New York','Chicago',13),(781,3,'2017-09-12 17:30:03.427000','2017-09-12 19:30:03.427000','Atlanta','Washington DC',3),(782,2,'2017-11-14 11:25:50.135000','2017-11-14 13:25:50.135000','Los Angeles','Washington DC',2),(783,16,'2017-10-16 01:42:24.357000','2017-10-16 03:42:24.357000','Chicago','Atlanta',16),(784,5,'2017-11-16 09:42:28.830000','2017-11-16 11:42:28.830000','Chicago','New York',5),(785,2,'2017-07-06 14:33:09.115000','2017-07-06 16:33:09.115000','Washington DC','Los Angeles',2),(786,13,'2017-01-07 13:07:50.260000','2017-01-07 15:07:50.260000','Atlanta','New York',13),(787,2,'2017-03-15 02:00:48.350000','2017-03-15 04:00:48.350000','New York','Los Angeles',2),(788,15,'2017-04-14 16:20:00.161000','2017-04-14 18:20:00.161000','New York','Atlanta',15),(789,12,'2017-03-28 13:15:46.994000','2017-03-28 15:15:46.994000','New York','Atlanta',12),(790,9,'2017-08-14 07:41:34.460000','2017-08-14 09:41:34.460000','Washington DC','New York',9),(791,1,'2017-06-04 15:04:47.580000','2017-06-04 17:04:47.580000','Chicago','Washington DC',1),(792,13,'2017-10-17 07:03:03.886000','2017-10-17 09:03:03.886000','Atlanta','Chicago',13),(793,1,'2017-06-13 04:59:26.775000','2017-06-13 06:59:26.775000','Chicago','Los Angeles',1),(794,8,'2017-10-30 10:33:02.257000','2017-10-30 12:33:02.257000','Los Angeles','New York',8),(795,8,'2017-02-05 11:59:33.506000','2017-02-05 13:59:33.506000','Washington DC','New York',8),(796,15,'2017-04-24 10:53:56.624000','2017-04-24 12:53:56.624000','Chicago','Atlanta',15),(797,9,'2017-08-22 05:19:17.732000','2017-08-22 07:19:17.732000','Los Angeles','Chicago',9),(798,11,'2017-05-20 02:09:43.085000','2017-05-20 04:09:43.085000','Washington DC','Los Angeles',11),(799,8,'2017-10-14 19:20:40.861000','2017-10-14 21:20:40.861000','Chicago','New York',8),(800,11,'2017-11-19 01:42:02.257000','2017-11-19 03:42:02.257000','Chicago','New York',11),(801,1,'2017-03-27 10:23:47.365000','2017-03-27 12:23:47.365000','Atlanta','Washington DC',1),(802,10,'2017-01-14 05:17:04.203000','2017-01-14 07:17:04.203000','Chicago','Los Angeles',10),(803,9,'2017-03-25 00:36:59.905000','2017-03-25 02:36:59.905000','Los Angeles','New York',9),(804,4,'2017-04-17 08:12:55.834000','2017-04-17 10:12:55.834000','Los Angeles','Chicago',4),(805,11,'2017-08-15 20:51:26.077000','2017-08-15 22:51:26.077000','Chicago','Atlanta',11),(806,7,'2017-03-13 00:29:37.440000','2017-03-13 02:29:37.440000','Chicago','New York',7),(807,9,'2017-09-27 21:36:14.503000','2017-09-27 23:36:14.503000','Chicago','New York',9),(808,8,'2017-04-20 07:44:51.746000','2017-04-20 09:44:51.746000','New York','Washington DC',8),(809,5,'2017-02-02 09:25:20.493000','2017-02-02 11:25:20.493000','Los Angeles','New York',5),(810,14,'2017-12-03 19:08:51.604000','2017-12-03 21:08:51.604000','New York','Chicago',14),(811,3,'2017-10-24 10:16:49.988000','2017-10-24 12:16:49.988000','Atlanta','Washington DC',3),(812,5,'2017-12-05 00:07:18.322000','2017-12-05 02:07:18.322000','Los Angeles','Washington DC',5),(813,10,'2017-02-24 07:06:15.892000','2017-02-24 09:06:15.892000','Atlanta','New York',10),(814,16,'2017-10-27 13:41:09.125000','2017-10-27 15:41:09.125000','Los Angeles','Washington DC',16),(815,3,'2017-01-31 13:23:16.387000','2017-01-31 15:23:16.387000','Atlanta','Washington DC',3),(816,6,'2017-11-13 04:59:07.753000','2017-11-13 06:59:07.753000','Washington DC','New York',6),(817,6,'2017-01-11 12:47:10.984000','2017-01-11 14:47:10.984000','Washington DC','Chicago',6),(818,12,'2017-11-23 05:02:42.358000','2017-11-23 07:02:42.358000','Atlanta','Washington DC',12),(819,5,'2017-03-26 19:30:28.395000','2017-03-26 21:30:28.395000','Chicago','Los Angeles',5),(820,4,'2017-03-13 08:04:56.234000','2017-03-13 10:04:56.234000','Washington DC','Chicago',4),(821,9,'2017-07-10 10:05:11.354000','2017-07-10 12:05:11.354000','New York','Washington DC',9),(822,6,'2017-02-03 07:28:07.184000','2017-02-03 09:28:07.184000','Washington DC','New York',6),(823,9,'2017-05-30 04:37:43.128000','2017-05-30 06:37:43.128000','New York','Chicago',9),(824,9,'2017-08-23 04:12:26.408000','2017-08-23 06:12:26.408000','Chicago','Atlanta',9),(825,6,'2017-06-16 01:49:55.624000','2017-06-16 03:49:55.624000','Washington DC','Los Angeles',6),(826,15,'2017-03-05 07:26:34.393000','2017-03-05 09:26:34.393000','Los Angeles','New York',15),(827,13,'2017-11-01 17:24:05.459000','2017-11-01 19:24:05.459000','Atlanta','New York',13),(828,10,'2017-01-02 14:43:17.875000','2017-01-02 16:43:17.875000','Atlanta','New York',10),(829,12,'2017-04-28 10:56:06.420000','2017-04-28 12:56:06.420000','Washington DC','Atlanta',12),(830,14,'2017-06-02 23:53:35.612000','2017-06-03 01:53:35.612000','Atlanta','Washington DC',14),(831,6,'2017-03-16 00:49:26.895000','2017-03-16 02:49:26.895000','Atlanta','Washington DC',6),(832,5,'2017-09-06 18:04:19.570000','2017-09-06 20:04:19.570000','Washington DC','Los Angeles',5),(833,4,'2017-06-14 11:17:31.516000','2017-06-14 13:17:31.516000','Atlanta','Los Angeles',4),(834,3,'2017-12-26 21:18:02.190000','2017-12-26 23:18:02.190000','Los Angeles','Chicago',3),(835,15,'2017-04-16 15:39:34.070000','2017-04-16 17:39:34.070000','Los Angeles','Chicago',15),(836,9,'2017-01-04 10:01:20.682000','2017-01-04 12:01:20.682000','Chicago','Los Angeles',9),(837,14,'2017-03-24 07:02:05.739000','2017-03-24 09:02:05.739000','Los Angeles','Atlanta',14),(838,3,'2017-11-19 16:57:42.391000','2017-11-19 18:57:42.391000','Los Angeles','Chicago',3),(839,13,'2017-01-14 02:21:02.923000','2017-01-14 04:21:02.923000','Washington DC','Atlanta',13),(840,14,'2017-09-16 09:36:52.575000','2017-09-16 11:36:52.575000','New York','Washington DC',14),(841,10,'2017-06-17 02:20:00.407000','2017-06-17 04:20:00.407000','Chicago','Washington DC',10),(842,15,'2017-03-04 23:56:56.529000','2017-03-05 01:56:56.529000','New York','Washington DC',15),(843,11,'2017-11-25 15:11:36.938000','2017-11-25 17:11:36.938000','Chicago','Washington DC',11),(844,10,'2017-11-01 07:20:14.202000','2017-11-01 09:20:14.202000','Atlanta','Los Angeles',10),(845,11,'2017-01-12 09:28:27.515000','2017-01-12 11:28:27.515000','New York','Los Angeles',11),(846,12,'2017-05-29 18:37:32.183000','2017-05-29 20:37:32.183000','New York','Atlanta',12),(847,10,'2017-12-22 10:13:35.535000','2017-12-22 12:13:35.535000','Washington DC','Los Angeles',10),(848,10,'2017-07-12 23:21:29.353000','2017-07-13 01:21:29.353000','Atlanta','New York',10),(849,15,'2017-04-12 06:44:17.401000','2017-04-12 08:44:17.401000','Los Angeles','Chicago',15),(850,12,'2017-05-21 20:54:14.959000','2017-05-21 22:54:14.959000','Atlanta','Chicago',12),(851,1,'2017-09-15 13:54:54.572000','2017-09-15 15:54:54.572000','Atlanta','New York',1),(852,12,'2017-03-29 02:54:35.088000','2017-03-29 04:54:35.088000','New York','Los Angeles',12),(853,12,'2017-06-03 08:33:48.187000','2017-06-03 10:33:48.187000','Washington DC','Los Angeles',12),(854,16,'2017-11-15 11:58:25.945000','2017-11-15 13:58:25.945000','Chicago','Los Angeles',16),(855,13,'2017-07-30 07:10:01.392000','2017-07-30 09:10:01.392000','Washington DC','New York',13),(856,15,'2017-05-18 01:01:38.707000','2017-05-18 03:01:38.707000','Atlanta','New York',15),(857,11,'2017-07-20 11:44:51.920000','2017-07-20 13:44:51.920000','Los Angeles','Atlanta',11),(858,10,'2017-06-03 22:01:04.733000','2017-06-04 00:01:04.733000','Los Angeles','Washington DC',10),(859,10,'2017-04-06 13:10:22.344000','2017-04-06 15:10:22.344000','New York','Atlanta',10),(860,12,'2017-12-20 11:40:25.329000','2017-12-20 13:40:25.329000','Los Angeles','Chicago',12),(861,11,'2017-04-10 02:08:46.097000','2017-04-10 04:08:46.097000','New York','Chicago',11),(862,4,'2017-04-21 17:39:22.591000','2017-04-21 19:39:22.591000','Washington DC','Chicago',4),(863,4,'2017-01-21 10:43:08.513000','2017-01-21 12:43:08.513000','Chicago','Los Angeles',4),(864,7,'2017-07-21 09:52:07.530000','2017-07-21 11:52:07.530000','Los Angeles','Chicago',7),(865,9,'2017-02-27 02:52:24.406000','2017-02-27 04:52:24.406000','Los Angeles','Chicago',9),(866,13,'2017-04-21 06:06:26.865000','2017-04-21 08:06:26.865000','Chicago','Los Angeles',13),(867,7,'2017-06-03 03:31:48.767000','2017-06-03 05:31:48.767000','New York','Atlanta',7),(868,11,'2017-05-15 02:58:21.385000','2017-05-15 04:58:21.385000','Chicago','Los Angeles',11),(869,16,'2017-07-24 01:01:12.204000','2017-07-24 03:01:12.204000','Los Angeles','New York',16),(870,2,'2017-05-14 14:40:54.227000','2017-05-14 16:40:54.227000','Chicago','New York',2),(871,13,'2017-07-10 22:41:49.513000','2017-07-11 00:41:49.513000','Chicago','New York',13),(872,15,'2017-01-14 09:51:33.587000','2017-01-14 11:51:33.587000','Washington DC','Los Angeles',15),(873,5,'2017-03-16 14:37:02.663000','2017-03-16 16:37:02.663000','Washington DC','New York',5),(874,14,'2017-02-14 09:20:46.599000','2017-02-14 11:20:46.599000','Washington DC','Chicago',14),(875,14,'2017-07-21 17:40:47.144000','2017-07-21 19:40:47.144000','Atlanta','Washington DC',14),(876,10,'2017-12-08 08:47:14.614000','2017-12-08 10:47:14.614000','Washington DC','Atlanta',10),(877,13,'2017-03-01 20:52:28.516000','2017-03-01 22:52:28.516000','Chicago','Washington DC',13),(878,16,'2017-11-07 09:43:01.847000','2017-11-07 11:43:01.847000','Los Angeles','Chicago',16),(879,12,'2017-05-23 01:15:33.938000','2017-05-23 03:15:33.938000','Los Angeles','Atlanta',12),(880,16,'2017-12-03 03:05:31.216000','2017-12-03 05:05:31.216000','Los Angeles','Atlanta',16),(881,16,'2017-07-14 10:07:38.410000','2017-07-14 12:07:38.410000','Washington DC','Los Angeles',16),(882,8,'2017-11-04 15:58:33.531000','2017-11-04 17:58:33.531000','Atlanta','New York',8),(883,10,'2017-12-20 03:43:52.521000','2017-12-20 05:43:52.521000','Washington DC','Atlanta',10),(884,7,'2017-06-14 18:59:52.300000','2017-06-14 20:59:52.300000','Los Angeles','Atlanta',7),(885,15,'2017-02-11 19:22:27.096000','2017-02-11 21:22:27.096000','New York','Atlanta',15),(886,7,'2017-11-28 18:40:41.372000','2017-11-28 20:40:41.372000','Los Angeles','Chicago',7),(887,6,'2017-04-15 12:23:49.028000','2017-04-15 14:23:49.028000','Atlanta','Los Angeles',6),(888,7,'2017-11-12 19:42:19.680000','2017-11-12 21:42:19.680000','Washington DC','Los Angeles',7),(889,4,'2017-11-28 19:10:31.800000','2017-11-28 21:10:31.800000','New York','Los Angeles',4),(890,10,'2017-07-07 10:38:19.256000','2017-07-07 12:38:19.256000','Washington DC','Los Angeles',10),(891,4,'2017-07-05 07:47:25.694000','2017-07-05 09:47:25.694000','Atlanta','Los Angeles',4),(892,8,'2017-05-02 08:46:49.580000','2017-05-02 10:46:49.580000','New York','Washington DC',8),(893,14,'2017-02-03 16:21:08.801000','2017-02-03 18:21:08.801000','Washington DC','Atlanta',14),(894,15,'2017-02-26 05:33:16.094000','2017-02-26 07:33:16.094000','New York','Chicago',15),(895,10,'2017-02-24 05:35:18.682000','2017-02-24 07:35:18.682000','New York','Washington DC',10),(896,4,'2017-11-28 01:27:41.674000','2017-11-28 03:27:41.674000','Atlanta','Los Angeles',4),(897,14,'2017-05-06 19:44:05.165000','2017-05-06 21:44:05.165000','New York','Washington DC',14),(898,3,'2017-07-30 11:10:15.560000','2017-07-30 13:10:15.560000','Atlanta','New York',3),(899,5,'2017-07-24 02:18:50.354000','2017-07-24 04:18:50.354000','Atlanta','Washington DC',5),(900,15,'2017-05-01 05:51:12.137000','2017-05-01 07:51:12.137000','Chicago','New York',15),(901,11,'2017-03-24 11:21:22.194000','2017-03-24 13:21:22.194000','Atlanta','Chicago',11),(902,11,'2017-12-11 05:22:44.193000','2017-12-11 07:22:44.193000','Los Angeles','Washington DC',11),(903,3,'2017-04-17 03:42:52.083000','2017-04-17 05:42:52.083000','Chicago','Atlanta',3),(904,2,'2017-05-01 12:11:14.441000','2017-05-01 14:11:14.441000','Washington DC','Atlanta',2),(905,3,'2017-03-11 23:15:43.814000','2017-03-12 01:15:43.814000','Washington DC','Atlanta',3),(906,9,'2017-04-15 10:10:42.655000','2017-04-15 12:10:42.655000','Chicago','Atlanta',9),(907,2,'2017-12-26 21:50:21.581000','2017-12-26 23:50:21.581000','Los Angeles','Washington DC',2),(908,1,'2017-10-11 10:45:16.428000','2017-10-11 12:45:16.428000','Washington DC','Chicago',1),(909,16,'2017-06-28 17:43:26.255000','2017-06-28 19:43:26.255000','Los Angeles','Atlanta',16),(910,3,'2017-06-18 19:55:41.707000','2017-06-18 21:55:41.707000','Washington DC','Atlanta',3),(911,7,'2017-08-12 07:09:45.877000','2017-08-12 09:09:45.877000','Chicago','Los Angeles',7),(912,6,'2017-06-09 18:52:12.032000','2017-06-09 20:52:12.032000','Los Angeles','Atlanta',6),(913,5,'2017-12-24 03:34:40.713000','2017-12-24 05:34:40.713000','Chicago','Atlanta',5),(914,6,'2017-05-19 19:30:47.901000','2017-05-19 21:30:47.901000','New York','Washington DC',6),(915,9,'2017-09-13 08:01:43.275000','2017-09-13 10:01:43.275000','Chicago','Atlanta',9),(916,4,'2017-12-10 22:40:41.474000','2017-12-11 00:40:41.474000','Washington DC','Chicago',4),(917,15,'2017-04-03 08:17:16.146000','2017-04-03 10:17:16.146000','Washington DC','Atlanta',15),(918,8,'2017-05-15 21:41:11.906000','2017-05-15 23:41:11.906000','Atlanta','Los Angeles',8),(919,7,'2017-04-13 16:02:14.903000','2017-04-13 18:02:14.903000','Los Angeles','New York',7),(920,14,'2017-06-01 23:44:14.819000','2017-06-02 01:44:14.819000','New York','Washington DC',14),(921,8,'2017-02-19 10:53:58.390000','2017-02-19 12:53:58.390000','Atlanta','Chicago',8),(922,13,'2017-07-06 12:15:21.943000','2017-07-06 14:15:21.943000','Washington DC','Atlanta',13),(923,5,'2017-11-08 02:42:17.038000','2017-11-08 04:42:17.038000','Atlanta','Los Angeles',5),(924,13,'2017-03-27 12:02:29.038000','2017-03-27 14:02:29.038000','New York','Los Angeles',13),(925,2,'2017-10-10 06:01:56.832000','2017-10-10 08:01:56.832000','Atlanta','Chicago',2),(926,2,'2017-03-01 18:54:27.110000','2017-03-01 20:54:27.110000','Washington DC','New York',2),(927,3,'2017-07-07 23:37:15.125000','2017-07-08 01:37:15.125000','Chicago','Los Angeles',3),(928,16,'2017-08-24 04:49:44.102000','2017-08-24 06:49:44.102000','Chicago','Washington DC',16),(929,10,'2017-01-06 16:46:03.293000','2017-01-06 18:46:03.293000','Atlanta','Los Angeles',10),(930,11,'2017-02-09 20:12:45.122000','2017-02-09 22:12:45.122000','Washington DC','Atlanta',11),(931,16,'2017-12-05 11:04:12.965000','2017-12-05 13:04:12.965000','Chicago','New York',16),(932,12,'2017-04-13 12:29:22.723000','2017-04-13 14:29:22.723000','New York','Washington DC',12),(933,10,'2017-09-17 00:43:04.976000','2017-09-17 02:43:04.976000','Los Angeles','New York',10),(934,5,'2017-07-20 22:51:17.456000','2017-07-21 00:51:17.456000','Chicago','Atlanta',5),(935,9,'2017-04-30 21:54:56.798000','2017-04-30 23:54:56.798000','Atlanta','New York',9),(936,7,'2017-02-15 16:46:21.904000','2017-02-15 18:46:21.904000','Washington DC','Los Angeles',7),(937,15,'2017-12-13 19:00:42.077000','2017-12-13 21:00:42.077000','Los Angeles','Atlanta',15),(938,1,'2017-08-26 16:34:12.109000','2017-08-26 18:34:12.109000','Atlanta','Los Angeles',1),(939,11,'2017-03-03 19:48:24.165000','2017-03-03 21:48:24.165000','Chicago','Los Angeles',11),(940,10,'2017-03-09 01:29:31.780000','2017-03-09 03:29:31.780000','New York','Los Angeles',10),(941,8,'2017-11-30 23:50:58.074000','2017-12-01 01:50:58.074000','Los Angeles','Atlanta',8),(942,14,'2017-06-03 11:58:36.157000','2017-06-03 13:58:36.157000','Washington DC','New York',14),(943,6,'2017-05-06 08:30:01.459000','2017-05-06 10:30:01.459000','Washington DC','Atlanta',6),(944,5,'2017-11-27 22:51:32.159000','2017-11-28 00:51:32.159000','Atlanta','Chicago',5),(945,2,'2017-03-19 02:36:17.946000','2017-03-19 04:36:17.946000','Los Angeles','Washington DC',2),(946,3,'2017-07-21 18:50:46.121000','2017-07-21 20:50:46.121000','Chicago','Los Angeles',3),(947,2,'2017-02-12 08:33:20.715000','2017-02-12 10:33:20.715000','Los Angeles','Atlanta',2),(948,2,'2017-06-01 15:09:33.369000','2017-06-01 17:09:33.369000','New York','Chicago',2),(949,15,'2017-02-08 22:46:58.488000','2017-02-09 00:46:58.488000','Washington DC','Atlanta',15),(950,2,'2017-04-01 03:02:27.545000','2017-04-01 05:02:27.545000','Los Angeles','Atlanta',2),(951,14,'2017-01-18 10:10:33.658000','2017-01-18 12:10:33.658000','Atlanta','Washington DC',14),(952,12,'2017-09-05 17:48:22.196000','2017-09-05 19:48:22.196000','Los Angeles','New York',12),(953,10,'2017-01-18 15:06:18.680000','2017-01-18 17:06:18.680000','New York','Los Angeles',10),(954,13,'2017-02-08 15:37:15.463000','2017-02-08 17:37:15.463000','Washington DC','Los Angeles',13),(955,7,'2017-03-26 15:40:05.700000','2017-03-26 17:40:05.700000','Chicago','Washington DC',7),(956,1,'2017-03-05 04:10:35.406000','2017-03-05 06:10:35.406000','Washington DC','Los Angeles',1),(957,11,'2017-03-02 04:46:06.435000','2017-03-02 06:46:06.435000','Chicago','Los Angeles',11),(958,4,'2017-01-04 11:20:15.189000','2017-01-04 13:20:15.189000','Washington DC','New York',4),(959,8,'2017-02-04 02:15:13.278000','2017-02-04 04:15:13.278000','Washington DC','Los Angeles',8),(960,1,'2017-11-15 15:19:40.044000','2017-11-15 17:19:40.044000','Los Angeles','New York',1),(961,6,'2017-04-16 18:33:03.072000','2017-04-16 20:33:03.072000','Washington DC','Los Angeles',6),(962,11,'2017-03-16 17:56:14.274000','2017-03-16 19:56:14.274000','New York','Washington DC',11),(963,6,'2017-11-07 01:36:18.054000','2017-11-07 03:36:18.054000','New York','Los Angeles',6),(964,1,'2017-03-07 07:06:24.267000','2017-03-07 09:06:24.267000','Washington DC','New York',1),(965,8,'2017-03-03 06:18:14.036000','2017-03-03 08:18:14.036000','Los Angeles','Washington DC',8),(966,9,'2017-12-16 04:35:37.078000','2017-12-16 06:35:37.078000','Los Angeles','Washington DC',9),(967,1,'2017-07-08 18:16:38.670000','2017-07-08 20:16:38.670000','Atlanta','Los Angeles',1),(968,3,'2017-12-27 12:44:49.963000','2017-12-27 14:44:49.963000','Atlanta','Los Angeles',3),(969,16,'2017-02-13 03:17:32.068000','2017-02-13 05:17:32.068000','Washington DC','Chicago',16),(970,14,'2017-10-21 09:44:39.996000','2017-10-21 11:44:39.996000','Washington DC','Chicago',14),(971,14,'2017-12-09 15:31:19.460000','2017-12-09 17:31:19.460000','Atlanta','Chicago',14),(972,15,'2017-03-22 09:18:27.682000','2017-03-22 11:18:27.682000','Los Angeles','New York',15),(973,5,'2017-05-29 02:00:48.162000','2017-05-29 04:00:48.162000','Chicago','Atlanta',5),(974,8,'2017-10-24 08:09:16.954000','2017-10-24 10:09:16.954000','Washington DC','Chicago',8),(975,6,'2017-12-25 18:42:53.710000','2017-12-25 20:42:53.710000','Los Angeles','Chicago',6),(976,16,'2017-12-21 11:27:02.427000','2017-12-21 13:27:02.427000','Washington DC','Chicago',16),(977,8,'2017-12-21 03:34:33.432000','2017-12-21 05:34:33.432000','Chicago','New York',8),(978,16,'2017-04-25 03:10:55.151000','2017-04-25 05:10:55.151000','Atlanta','New York',16),(979,6,'2017-06-01 10:04:41.014000','2017-06-01 12:04:41.014000','New York','Atlanta',6),(980,11,'2017-12-05 13:17:37.191000','2017-12-05 15:17:37.191000','Chicago','Los Angeles',11),(981,7,'2017-12-19 12:44:38.633000','2017-12-19 14:44:38.633000','New York','Chicago',7),(982,12,'2017-03-19 06:17:44.183000','2017-03-19 08:17:44.183000','Washington DC','Los Angeles',12),(983,9,'2017-06-02 08:41:37.513000','2017-06-02 10:41:37.513000','New York','Chicago',9),(984,12,'2017-11-03 12:18:29.969000','2017-11-03 14:18:29.969000','Los Angeles','Washington DC',12),(985,2,'2017-10-04 22:00:36.134000','2017-10-05 00:00:36.134000','Los Angeles','Washington DC',2),(986,13,'2017-05-16 09:38:08.213000','2017-05-16 11:38:08.213000','Chicago','Los Angeles',13),(987,16,'2017-12-28 16:16:45.777000','2017-12-28 18:16:45.777000','New York','Washington DC',16),(988,15,'2017-08-02 02:14:40.391000','2017-08-02 04:14:40.391000','Chicago','Washington DC',15),(989,9,'2017-09-04 19:06:41.611000','2017-09-04 21:06:41.611000','Chicago','New York',9),(990,3,'2017-07-06 01:01:53.355000','2017-07-06 03:01:53.355000','New York','Atlanta',3),(991,16,'2017-08-20 19:52:02.354000','2017-08-20 21:52:02.354000','Atlanta','New York',16),(992,13,'2017-11-30 23:58:21.720000','2017-12-01 01:58:21.720000','Washington DC','Chicago',13),(993,15,'2017-10-15 15:15:00.424000','2017-10-15 17:15:00.424000','Chicago','Atlanta',15),(994,9,'2017-10-02 13:24:26.853000','2017-10-02 15:24:26.853000','New York','Chicago',9),(995,8,'2017-10-29 20:22:52.812000','2017-10-29 22:22:52.812000','Atlanta','Chicago',8),(996,14,'2017-12-11 17:50:13.072000','2017-12-11 19:50:13.072000','Chicago','Washington DC',14),(997,11,'2017-06-11 15:02:09.356000','2017-06-11 17:02:09.356000','Washington DC','New York',11),(998,10,'2017-04-05 02:08:29.656000','2017-04-05 04:08:29.656000','New York','Chicago',10),(999,1,'2017-11-09 21:20:08.898000','2017-11-09 23:20:08.898000','Chicago','Atlanta',1),(1000,16,'2017-05-02 05:23:55.196000','2017-05-02 07:23:55.196000','Washington DC','Chicago',16);
INSERT INTO gate (gate_id, terminal_id, airline_id, airport_id) VALUES (1,13,13,2),(2,15,15,2),(3,2,2,1),(4,15,15,5),(5,1,1,3),(6,12,12,2),(7,14,14,3),(8,2,2,2),(9,2,2,1),(10,4,4,4),(11,9,9,3),(12,5,5,1),(13,7,7,1),(14,16,16,1),(15,1,1,3),(16,10,10,3);

